state,isMetro,parent_count,child_count,needs_childcare,housing_cost,food_cost,transportation_cost,healthcare_cost,other_necessities_cost,childcare_cost,taxes
0,False,1,0,0,10074.0,3301.1418599999997,10654.17222,6297.27984,4908.7970399999995,0.0,5527.42386
0,False,1,1,1,14052.0,4862.41512,11428.9863,9451.89108,6864.39222,10523.40966,6720.339840000001
0,False,1,2,1,14052.0,6875.38548,12297.1314,12606.5028,7655.906220000001,19424.6358,8182.69518
0,False,1,3,1,18672.0,9264.597300000001,12862.5426,15761.1132,10302.91662,22163.4732,11765.429759999999
0,False,1,4,1,18672.0,11403.773819999999,13552.5306,18915.7254,11119.67538,22163.4732,12011.578440000001
0,False,2,0,0,11850.0,6052.09404,12740.5272,12594.5592,6475.1382,0.0,6750.40026
0,False,2,1,1,14052.0,7529.89602,13510.4172,15749.1708,7912.39818,10523.40966,8342.55468
0,False,2,2,1,14052.0,9298.93722,14011.047,18903.7824,8559.27246,19424.6358,8870.0706
0,False,2,3,1,18672.0,11414.77152,14719.605599999999,22058.394,11123.87406,22163.4732,11144.25402
0,False,2,4,1,18672.0,14017.1784,14686.0482,25213.004399999998,12087.555359999998,22163.4732,10920.30834
0,True,1,0,0,10296.0,3227.59128,10703.91132,6080.37996,4884.45372,0.0,5433.0546
0,True,1,1,1,14640.0,4754.07864,11578.20192,9119.24412,7027.23924,12327.9144,7084.06272
0,True,1,2,1,14640.0,6722.19876,12524.8608,12158.1096,7740.36696,23881.6104,9714.99972
0,True,1,3,1,20952.0,9058.17852,13717.2828,15196.9728,10873.87056,27436.5936,14390.328
0,True,1,4,1,20952.0,11149.69332,14243.118,18235.8384,11631.70968,27436.5936,14489.8752
0,True,2,0,0,11112.0,5917.251,13069.7268,12160.7604,6170.3694,0.0,6491.96124
0,True,2,1,1,14640.0,7362.12672,13965.9516,15199.6248,7972.2378,12327.9144,8651.82792
0,True,2,2,1,14640.0,9091.75416,15203.3676,18238.488,8598.95064,23881.6104,10147.6956
0,True,2,3,1,20952.0,11160.44532,15658.338,21277.3536,11635.60548,27436.5936,13330.5864
0,True,2,4,1,20952.0,13704.87,15995.4,24316.2192,12557.55,27436.5936,13425.3444
1,False,1,0,0,5748.0,3262.97718,11149.54578,5686.79004,3275.01948,0.0,5497.692419999999
1,False,1,1,1,7608.0,4808.83518,11802.74118,8495.9568,4511.31156,4929.46506,5501.30472
1,False,1,2,1,7608.0,7045.7472,12441.535800000001,11305.12356,5321.80704,11843.43822,6366.234420000001
1,False,1,3,1,10284.0,9399.338039999999,12900.3942,14114.2908,7132.00854,13970.814,8074.593779999999
1,False,1,4,1,10284.0,11505.4248,13088.226,16923.4572,7897.55382,13970.814,7927.304819999999
1,False,2,0,0,6348.0,5982.12504,12963.559799999999,11373.58008,4447.91634,0.0,6815.077859999999
1,False,2,1,1,7608.0,7445.35692,13603.92,14182.746,5467.2912,4929.46506,7464.2676599999995
1,False,2,2,1,7608.0,9429.38376,14015.252400000001,16991.9136,6189.61152,11843.43822,8169.906
1,False,2,3,1,10284.0,11512.56078,14234.6136,19801.0812,7900.14732,13970.814,9165.89058
1,False,2,4,1,10284.0,14088.615,14411.281200000001,22610.2476,8823.338039999999,13970.814,8778.12084
1,True,1,0,0,6941.51592,3299.28996,10731.65256,5737.47984,3695.61072,0.0,5734.00596
1,True,1,1,1,8886.84084,4862.3514,11522.93844,8659.5564,4959.71304,5192.06292,6001.4766
1,True,1,2,1,8886.84084,7124.15772,12468.6348,11581.6326,5768.94612,13364.5212,7366.8948
1,True,1,3,1,11686.875,9503.94072,13174.3524,14503.7076,7647.78732,15879.1236,9983.406
1,True,1,4,1,11686.875,11633.46612,13736.2764,17425.7856,8433.95724,15879.1236,10209.69504
1,True,2,0,0,7500.0,6048.69876,12838.26,11474.95968,4888.5516,0.0,7282.78488
1,True,2,1,1,8886.84084,7528.21368,13604.946,14397.0372,5913.51012,5192.06292,8047.49196
1,True,2,2,1,8886.84084,9534.32148,14392.3272,17319.1128,6631.25832,13364.5212,9233.33568
1,True,2,3,1,11686.875,11640.68184,14906.6724,20241.1872,8436.62112,15879.1236,10694.61696
1,True,2,4,1,11686.875,14245.4028,14927.6016,23163.2652,9380.08452,15879.1236,10747.83624
2,False,1,0,0,5748.0,2998.41132,11247.69072,4846.79004,3176.68836,0.0,5055.2988
2,False,1,1,1,7848.0,4418.92968,11818.73076,7238.58624,4466.95344,4866.62076,4731.45708
2,False,1,2,1,7848.0,6474.471,12488.7804,9630.38232,5213.94804,9120.18756,4757.7264
2,False,1,3,1,10416.0,8637.2292,12886.5,12022.1772,6886.17924,10428.97776,5674.21104
2,False,1,4,1,10416.0,10572.55296,13205.7888,14413.9752,7579.73736,10428.97776,5159.9766
2,False,2,0,0,6120.0,5497.08804,13084.626,9693.58008,4222.93032,0.0,5448.12492
2,False,2,1,1,7848.0,6841.67868,13708.3608,12085.3764,5348.38368,4866.62076,6055.54284
2,False,2,2,1,7848.0,8664.84012,14087.508,14477.172,6004.98012,9120.18756,5698.48428
2,False,2,3,1,10416.0,10579.11036,14384.7504,16868.9688,7582.14624,10428.97776,6204.3984
2,False,2,4,1,10416.0,12946.296,14484.084,19260.7644,8451.74196,10428.97776,5575.27332
2,True,1,0,0,6649.35096,3091.78752,10660.9761,4753.47984,3485.55228,0.0,5197.40712
2,True,1,1,1,8910.944459999999,4556.54328,11373.39222,7186.6362,4872.65646,5644.07718,5248.01166
2,True,1,2,1,8910.944459999999,6676.09716,12520.6884,9619.7922,5634.211499999999,13066.8606,6231.411959999999
2,True,1,3,1,12075.6708,8906.20824,12958.068599999999,12052.9488,7436.63778,15350.7936,8542.98042
2,True,1,4,1,12075.6708,10901.8008,13205.304,14486.1036,8125.89444,15350.7936,8462.7693
2,True,2,0,0,7145.08668,5668.2774,12730.173,9506.95968,4624.77114,0.0,5615.9121
2,True,2,1,1,8910.944459999999,7054.74168,13715.8812,11940.11568,5770.25814,5644.07718,6595.2029999999995
2,True,2,2,1,8910.944459999999,8934.67752,14312.3592,14373.2724,6445.719,13066.8606,7160.7011999999995
2,True,2,3,1,12075.6708,10908.56256,14580.036,16806.4272,8128.31508,15350.7936,8305.03122
2,True,2,4,1,12075.6708,13349.4672,14751.0498,19239.5844,9002.363519999999,15350.7936,7807.79298
3,False,1,0,0,7044.0,3133.28796,11674.58424,5517.2802,3665.07684,0.0,5501.0274
3,False,1,1,1,10596.0,4617.705,12236.364,8284.33296,5479.28352,6229.72776,5645.0196
3,False,1,2,1,10596.0,6765.70896,13005.3756,11051.38476,6242.127,12734.3184,6288.08208
3,False,1,3,1,14244.0,9025.75488,13524.636,13818.438,8366.5752,14735.7324,8816.73408
3,False,1,4,1,14244.0,11048.1336,13778.8536,16585.4916,9084.80424,14735.7324,8615.19504
3,False,2,0,0,8040.0,5744.36136,13557.1176,11034.56028,4955.48508,0.0,6513.89424
3,False,2,1,1,10596.0,7149.43584,14271.9756,13801.6128,6378.40356,6229.72776,7411.92996
3,False,2,2,1,10596.0,9054.60648,14693.07,16568.6664,7055.0076,12734.3184,7685.91432
3,False,2,3,1,14244.0,11054.98608,14865.1992,19335.7176,9087.2388,14735.7324,8884.2576
3,False,2,4,1,14244.0,13528.6536,15478.1436,22102.77,9965.73708,14735.7324,8723.72676
3,True,1,0,0,8178.0,3231.85182,10890.09594,5930.38014,4137.409799999999,0.0,5689.897559999999
3,True,1,1,1,12060.0,4762.9637999999995,11562.805260000001,8894.71434,6148.25628,8489.2782,6645.35922
3,True,1,2,1,12060.0,6978.53838,12322.558799999999,11859.04854,6975.529140000001,16335.662400000001,8101.04478
3,True,1,3,1,16980.0,9309.677520000001,13193.6748,14823.3816,9628.66332,18749.934,11767.74618
3,True,1,4,1,16980.0,11395.6743,13819.4202,17787.7164,10407.554100000001,18749.934,11979.68358
3,True,2,0,0,9300.0,5925.0615,12909.8346,11860.76022,5585.93118,0.0,6846.72072
3,True,2,1,1,12060.0,7374.33546,13624.6482,14825.094000000001,7123.31616,8489.2782,8410.128659999998
3,True,2,2,1,12060.0,9339.43728,14536.2282,17789.4288,7857.0648,16335.662400000001,9131.2302
3,True,2,3,1,16980.0,11402.74326,15157.0296,20753.7618,10410.193019999999,18749.934,11604.14436
3,True,2,4,1,16980.0,13954.2246,15201.3288,23718.0966,11362.89006,18749.934,11423.49612
4,False,1,0,0,8616.0,3610.54356,12416.568,6345.27984,4470.01572,0.0,6313.53876
4,False,1,1,1,12732.0,5321.064,13700.1552,9523.74168,6575.55984,7155.87456,6201.40644
4,False,1,2,1,12732.0,7796.24784,14565.858,12702.2016,7405.40988,11711.95824,6621.156
4,False,1,3,1,16824.0,10400.53788,15238.2156,15880.662,10019.41116,13113.8304,11026.01592
4,False,1,4,1,16824.0,12730.962,15744.9468,19059.126,10960.87356,13113.8304,11692.8516
4,False,2,0,0,9924.0,6619.33008,14874.0468,12690.5592,6001.19352,0.0,7298.3826
4,False,2,1,1,12732.0,8238.42264,15749.0568,15869.022,7553.65728,7155.87456,8372.14092
4,False,2,2,1,12732.0,10433.78388,16464.8964,19047.4836,8289.69216,11711.95824,8299.10964
4,False,2,3,1,16824.0,12738.858,16975.3128,22225.9428,10964.064,13113.8304,11053.75776
4,False,2,4,1,16824.0,15589.3092,17308.626,25404.4044,12115.6116,13113.8304,11450.02368
4,True,1,0,0,13992.0,3589.79328,11472.2058,5480.37996,6422.30052,0.0,7876.48824
4,True,1,1,1,19404.0,5290.48284,12190.2564,8221.12212,8870.22072,9609.25488,9529.60908
4,True,1,2,1,19404.0,7751.44188,13311.5244,10961.86524,9978.49512,14723.8848,11565.34356
4,True,1,3,1,27768.0,10340.76564,14310.0732,13702.6068,13930.2,16297.6152,19110.0708
4,True,1,4,1,27768.0,12657.7956,14762.484,16443.3504,15014.8224,16297.6152,20027.2032
4,True,2,0,0,15156.0,6581.28876,13701.7044,10960.76004,8126.76048,0.0,8834.37888
4,True,2,1,1,19404.0,8191.07592,14835.4764,13701.5028,10184.29032,9609.25488,11390.406
4,True,2,2,1,19404.0,10373.8206,15833.2044,16442.244,11206.05252,14723.8848,12348.8904
4,True,2,3,1,27768.0,12665.6472,16255.5144,19182.9876,15018.498,16297.6152,17726.3976
4,True,2,4,1,27768.0,15499.7172,16526.9412,21923.73,16345.1532,16297.6152,17861.7024
5,False,1,0,0,7992.0,3496.41756,12108.216,4353.2802,4130.41224,0.0,5935.96476
5,False,1,1,1,10344.0,5152.86912,12818.6544,6541.97604,5653.34688,7685.08524,6246.32004
5,False,1,2,1,10344.0,7549.815,14032.5756,8730.67092,6472.88892,12374.4384,6582.16404
5,False,1,3,1,13812.0,10071.78516,14593.6044,10919.36796,8581.35276,13817.316,8606.87472
5,False,1,4,1,13812.0,12328.5468,14939.7204,13108.0632,9410.967,13817.316,8355.51564
5,False,2,0,0,8196.0,6410.09844,14193.396,8706.56028,5242.08432,0.0,6404.88648
5,False,2,1,1,10344.0,7978.01292,15356.1648,10895.25588,6619.2942,7685.08524,7933.48464
5,False,2,2,1,10344.0,10103.98164,15771.8736,13083.9516,7346.18628,12374.4384,7894.40628
5,False,2,3,1,13812.0,12336.1932,16212.018,15272.6484,9413.91216,13817.316,8843.67996
5,False,2,4,1,13812.0,15096.5436,16264.212,17461.3416,10429.50948,13817.316,8312.53932
5,True,1,0,0,12048.0,3620.91876,10492.60764,3956.37996,5677.467,0.0,7281.9024
5,True,1,1,1,16212.0,5336.3544,11552.40816,5939.89236,7835.71872,12038.9808,9984.54276
5,True,1,2,1,16212.0,7818.65112,12852.198,7923.40428,8750.61552,19419.7812,12397.6644
5,True,1,3,1,22498.3476,10430.42508,14061.7236,9906.91704,11953.05108,21690.7968,17547.492
5,True,1,4,1,22498.3476,12767.5464,14681.5632,11890.42968,12804.7356,21690.7968,17976.234
5,True,2,0,0,13159.6404,6638.35176,13056.33,7912.76004,7214.94576,0.0,8297.69892
5,True,2,1,1,16212.0,8262.09672,14335.7796,9896.27196,8914.0554,12038.9808,11296.53144
5,True,2,2,1,16212.0,10463.7678,15567.7512,11879.78472,9725.52324,19419.7812,12340.914
5,True,2,3,1,22498.3476,12775.4628,16161.2712,13863.2976,12807.6216,21690.7968,16259.712
5,True,2,4,1,22498.3476,15634.1064,16592.322,15846.8088,13849.356,21690.7968,16387.914
6,False,1,0,0,9672.0,3776.54556,11152.37628,5258.18004,4872.93864,0.0,6810.48408
6,False,1,1,1,14664.0,5565.71076,12150.5568,7905.74856,7330.02168,9816.11424,9296.74584
6,False,1,2,1,14664.0,8154.69648,13121.7984,10553.31744,8268.11424,14967.0192,11370.86724
6,False,1,3,1,18300.0,10878.72432,14378.6772,13200.8868,10572.60204,16551.912,15200.2896
6,False,1,4,1,18300.0,13316.2956,14842.9068,15848.4552,11455.83108,16551.912,15792.9912
6,False,2,0,0,11400.0,6923.6682,13464.7572,10516.36008,6639.3882,0.0,8153.28144
6,False,2,1,1,14664.0,8617.2012,14383.4784,13163.928,8435.69748,9816.11424,11311.68756
6,False,2,2,1,14664.0,10913.499,15674.9868,15811.4976,9267.7368,14967.0192,12260.3208
6,False,2,3,1,18300.0,13324.554,16113.9552,18459.066,11458.82304,16551.912,14731.086
6,False,2,4,1,18300.0,16306.0608,16343.3916,21106.6344,12539.1396,16551.912,15350.2968
6,True,1,0,0,11039.967,3683.16984,10640.22804,5212.53996,5477.6268,0.0,7068.09744
6,True,1,1,1,16509.9012,5428.0968,11628.22044,7832.40816,7871.43756,12780.8508,10548.26148
6,True,1,2,1,16509.9012,7953.06888,12615.69,10452.27684,8750.25372,17788.95,12655.9692
6,True,1,3,1,20569.4328,10609.7454,13881.6444,13072.146,11145.83784,19329.9036,16711.5624
6,True,1,4,1,20569.4328,12987.0456,14378.9136,15692.0136,11973.2586,19329.9036,17265.1176
6,True,2,0,0,13533.8772,6752.47776,13056.1452,10425.0798,7254.05712,0.0,8398.37112
6,True,2,1,1,16509.9012,8404.13892,13995.6984,13044.9492,8907.249,12780.8508,12171.75
6,True,2,2,1,16509.9012,10643.66016,15303.9552,15664.8168,9686.7144,17788.95,13115.1024
6,True,2,3,1,20569.4328,12995.1,15777.5928,18284.6868,11976.06084,19329.9036,16112.5152
6,True,2,4,1,20569.4328,15902.8884,16027.206,20904.5532,12988.1172,19329.9036,16666.0704
7,True,1,0,0,16642.2792,4492.42932,5660.73708,4933.47984,7657.93872,0.0,6929.51148
7,True,1,1,1,19414.1592,6620.74872,6384.57864,8266.3206,9433.4736,19994.328,14165.3124
7,True,1,2,1,19414.1592,9700.50288,7528.002,11599.16088,10549.38936,42045.9636,24911.742
7,True,1,3,1,24891.9204,12940.8996,8171.78544,14932.002,13708.3224,48831.0852,31384.2984
7,True,1,4,1,24891.9204,15840.5364,8554.62528,18264.8424,14758.9752,48831.0852,32334.1548
7,True,2,0,0,17027.262,8236.11984,7206.08424,9866.95968,9153.9192,0.0,8563.61352
7,True,2,1,1,19414.1592,10250.68068,8349.1692,13199.8008,10748.74068,19994.328,14341.962
7,True,2,2,1,19414.1592,12982.266,8963.1936,16532.6412,11738.50272,42045.9636,22870.6332
7,True,2,3,1,24891.9204,15850.3608,9324.63576,19865.4816,14762.5344,48831.0852,30205.7196
7,True,2,4,1,24891.9204,19397.0436,9476.89308,23198.322,16047.6384,48831.0852,31740.9048
8,True,1,0,0,10536.0,3558.66792,10270.72416,5689.47984,4952.922,0.0,6816.50028
8,True,1,1,1,12792.0,5244.61236,11164.59228,8587.70652,6308.22288,9293.94648,8000.61696
8,True,1,2,1,12792.0,7684.23264,12618.8748,11485.93284,7110.07104,14779.6176,9123.7734
8,True,1,3,1,18312.0,10251.1062,13336.4184,14384.1588,9905.54664,16467.516,13278.672
8,True,1,4,1,18312.0,12548.046,13866.2832,17282.3868,10638.33396,16467.516,13579.4064
8,True,2,0,0,10896.0,6524.22588,12471.0048,11378.95968,6029.45916,0.0,7765.96068
8,True,2,1,1,12792.0,8120.0544,13955.5248,14277.186,7275.35304,9293.94648,9663.65988
8,True,2,2,1,12792.0,10283.874,14640.2796,17175.4128,8095.96368,14779.6176,9817.17192
8,True,2,3,1,18312.0,12555.8304,15223.4484,20073.6384,10640.81688,16467.516,12338.0928
8,True,2,4,1,18312.0,15365.3256,15636.3936,22971.8652,11537.124,16467.516,12348.078
9,False,1,0,0,7548.0,3174.7884,10953.73896,5914.79004,3881.52936,0.0,4723.11516
9,False,1,1,1,8808.0,4678.8666,11715.31128,8837.2434,4976.2398,5694.71808,4129.5744
9,False,1,2,1,8808.0,6855.32148,12478.134,11759.69676,5805.31896,9887.64624,3671.78508
9,False,1,3,1,12312.0,9145.3008,12987.7608,14682.15,7734.4644,11177.7774,4580.35944
9,False,1,4,1,12312.0,11194.467,13271.982,17604.6036,8495.03544,11177.7774,4086.60168
9,False,2,0,0,7728.0,5820.44568,12872.9784,11829.58008,4909.13604,0.0,5487.70716
9,False,2,1,1,8808.0,7244.1306,13571.7252,14752.0344,5953.56624,5694.71808,5598.375
9,False,2,2,1,8808.0,9174.53544,14015.8764,17674.4868,6674.40156,9887.64624,5045.6796
9,False,2,3,1,12312.0,11201.41044,14264.1504,20596.9404,8497.69848,11177.7774,5515.78128
9,False,2,4,1,12312.0,13707.8412,14844.5184,23519.394,9454.39668,11177.7774,4854.4296
9,True,1,0,0,9618.01098,3548.29284,9908.65866,4951.47984,4824.7941599999995,0.0,5068.638779999999
9,True,1,1,1,13159.7952,5229.3213,10887.75366,7483.0162199999995,6693.80052,7245.17436,5408.68158
9,True,1,2,1,13159.7952,7661.83008,11983.387920000001,10014.55224,7609.5465,12172.539,5440.61724
9,True,1,3,1,18120.112800000003,10221.21864,12901.339800000002,12546.088800000001,10238.82828,13688.6514,7489.7654999999995
9,True,1,4,1,18120.112800000003,12511.4628,13333.2978,15077.6256,11055.28602,13688.6514,7278.20328
9,True,2,0,0,10937.778119999999,6505.20414,12289.431,9902.95968,6341.820180000001,0.0,6099.4239
9,True,2,1,1,13159.7952,8096.3814600000005,13309.697400000001,12434.496,7776.20946,7245.17436,6904.13484
9,True,2,2,1,13159.7952,10253.89164,14190.8658,14966.0328,8579.34744,12172.539,6614.1486
9,True,2,3,1,18120.112800000003,12519.222600000001,14678.374800000001,17497.569,11058.03996,13688.6514,7498.66404
9,True,2,4,1,18120.112800000003,15320.528999999999,14981.4792,20029.1046,12095.5668,13688.6514,7051.58208
10,False,1,0,0,6084.0,3122.91252,11187.78732,5182.79004,3354.82392,0.0,5535.6756
10,False,1,1,1,7776.0,4602.41424,11847.8166,7741.53444,4512.8892,5137.4454,5087.4258
10,False,1,2,1,7776.0,6743.3064,12517.7412,10300.27884,5301.50496,8172.61008,4544.1756
10,False,1,3,1,10464.0,8995.86696,12928.0908,12859.0236,7040.24856,9106.5066,5361.86316
10,False,1,4,1,10464.0,11011.55052,13114.6128,15417.768,7782.91848,9106.5066,4699.0704
10,False,2,0,0,6180.0,5725.34028,13021.6548,10365.58008,4347.17028,0.0,6430.21068
10,False,2,1,1,7776.0,7125.76176,13648.9356,12924.3252,5442.3852,5137.4454,6789.35964
10,False,2,2,1,7776.0,9024.624,14023.4412,15483.0684,6139.78416,8172.61008,6075.71076
10,False,2,3,1,10464.0,11018.3796,14202.1284,18041.814,7785.45048,9106.5066,6569.85936
10,False,2,4,1,10464.0,13483.8564,14322.7692,20600.5572,8688.84228,9106.5066,5842.53108
10,True,1,0,0,7836.0,3190.3509599999998,11149.233779999999,5095.47984,4073.0161200000002,0.0,6158.187599999999
10,True,1,1,1,9994.930680000001,4701.80202,11957.37084,7698.5658,5321.30862,6704.18844,6497.587680000001
10,True,1,2,1,9994.930680000001,6888.92616,12837.1032,10301.65104,6142.153560000001,10724.74512,6295.40988
10,True,1,3,1,13243.689,9190.13016,13352.0004,12904.7364,8213.428319999999,11961.839339999999,8053.03488
10,True,1,4,1,13243.689,11249.34192,13749.0648,15507.8226,8976.66762,11961.839339999999,7692.6288
10,True,2,0,0,8485.7439,5848.977,13201.3626,10190.95968,5255.6781,0.0,7298.76966
10,True,2,1,1,9994.930680000001,7279.641,13909.441200000001,12794.046,6289.2825,6704.18844,8187.39036
10,True,2,2,1,9994.930680000001,9219.507539999999,14662.858199999999,15397.1316,6979.75008,10724.74512,7825.593720000001
10,True,2,3,1,13243.689,11256.31824,14994.409800000001,18000.2166,8979.237659999999,11961.839339999999,8698.85928
10,True,2,4,1,13243.689,13775.0364,15137.431199999999,20603.3022,9906.70788,11961.839339999999,8191.01952
11,False,1,0,0,13344.0,5022.7815,11600.80518,4701.2802,6655.00944,0.0,9584.26758
11,False,1,1,1,20226.0,7375.70724,12602.1672,7062.8862,10001.18736,8225.19948,13329.25626
11,False,1,2,1,20226.0,10368.862799999999,13444.9002,9424.49268,11085.72552,16865.4168,16944.168
11,False,1,3,1,27060.0,13975.082999999999,14286.215400000001,11786.09988,14868.628799999999,19523.9448,23316.726000000002
11,False,1,4,1,27060.0,17203.9416,14597.952,14147.7072,16038.571800000002,19523.9448,24302.0472
11,False,2,0,0,15804.0,9208.43226,14137.322400000001,9402.56028,9062.990819999999,0.0,11837.70696
11,False,2,1,1,20226.0,11435.381819999999,14929.9428,11764.16676,11472.16704,8225.19948,14845.019400000001
11,False,2,2,1,20226.0,14060.7582,15779.787,14125.7724,12423.443940000001,16865.4168,17417.058
11,False,2,3,1,27060.0,17252.6976,16067.154600000002,16487.3784,16056.2388,19523.9448,23102.4882
11,False,2,4,1,27060.0,21180.3114,16461.1266,18848.9856,17479.3662,19523.9448,24363.165
11,True,1,0,0,15856.38,5015.81508,11341.07964,4616.37996,7699.12644,0.0,10789.84788
11,True,1,1,1,21269.8752,7365.47748,12168.6768,6927.8262,10575.87816,9005.19504,14305.3668
11,True,1,2,1,21269.8752,10354.48164,12487.71,9239.2734,11740.13964,17836.6212,18138.4224
11,True,1,3,1,29540.1588,13955.7,13424.0772,11550.71928,16139.5164,20553.984,25572.3756
11,True,1,4,1,29540.1588,17180.082,14075.7588,13862.166,17395.4616,20553.984,26659.9068
11,True,2,0,0,16900.668,9195.66132,13718.982,9232.76004,9705.62544,0.0,12352.5276
11,True,2,1,1,21269.8752,11419.52124,14478.1116,11544.20652,12154.9872,9005.19504,15620.6556
11,True,2,2,1,21269.8752,14041.2588,14859.7944,13855.6524,13176.1932,17836.6212,18835.9764
11,True,2,3,1,29540.1588,17228.7672,15439.0836,16167.0996,17414.4252,20553.984,25524.7176
11,True,2,4,1,29540.1588,21150.936,15843.3972,18478.5468,18942.168,20553.984,26810.61
12,False,1,0,0,6228.0,3039.912,11420.20272,4950.69,3371.2875599999998,0.0,5515.75194
12,False,1,1,1,8580.0,4480.09128,12181.1454,7360.49856,4754.13702,6884.81796,6086.9121
12,False,1,2,1,8580.0,6564.0828,13407.288,9770.30784,5510.34486,10361.48142,6339.14868
12,False,1,3,1,11592.0,8756.77512,13940.806199999999,12180.1164,7373.65686,11431.22424,7860.529500000001
12,False,1,4,1,11592.0,10718.88576,14226.2628,14589.9252,8085.06408,11431.22424,7584.78918
12,False,2,0,0,6630.0,5573.172,13453.578,9901.37988,4447.08474,0.0,6352.49412
12,False,2,1,1,8580.0,6936.37428,14719.697400000001,12311.1888,5645.931119999999,6884.81796,7837.3710599999995
12,False,2,2,1,8580.0,8784.76752,15218.059799999999,14720.9976,6313.66776,10361.48142,7620.99204
12,False,2,3,1,11592.0,10725.53316,15475.0572,17130.8076,8087.509980000001,11431.22424,8286.74196
12,False,2,4,1,11592.0,13125.4824,15558.6318,19540.6152,8941.488659999999,11431.22424,7762.48464
12,True,1,0,0,6470.94432,3112.53768,11350.4604,4741.34988,3478.83876,0.0,5500.25976
12,True,1,1,1,9672.0,4587.1242,12194.4936,7290.26952,5156.68428,8889.95436,7112.81616
12,True,1,2,1,9672.0,6720.90384,13174.8996,9839.18844,5915.44332,13677.0276,7662.62916
12,True,1,3,1,12780.0,8965.9812,13894.8108,12388.1076,7962.59688,15149.9736,10118.71068
12,True,1,4,1,12780.0,10974.96756,14369.754,14937.0264,8654.13504,15149.9736,10259.2266
12,True,2,0,0,7493.42652,5706.31932,13400.1396,9482.69976,4762.11252,0.0,6667.83984
12,True,2,1,1,9672.0,7102.0884,14412.4896,12031.6188,6052.18032,8889.95436,8524.21068
12,True,2,2,1,9672.0,8994.64164,15170.2524,14580.5388,6749.51436,13677.0276,8676.9456
12,True,2,3,1,12780.0,10981.77468,15597.4188,17129.4576,8656.47804,15149.9736,9843.64092
12,True,2,4,1,12780.0,13439.0616,16108.866,19678.3764,9502.3308,15149.9736,9737.0706
13,False,1,0,0,6876.0,3278.53968,12100.8666,5049.2802,3761.34702,0.0,5993.0019
13,False,1,1,1,9372.0,4831.7706,12843.8418,7583.7978,5176.63692,5940.24186,5450.398499999999
13,False,1,2,1,9372.0,7079.35182,13613.7084,10118.31444,6017.66346,12057.087,5795.3496
13,False,1,3,1,12906.0,9444.16776,14669.9922,12652.8324,8252.21082,13939.1934,8255.617259999999
13,False,1,4,1,12906.0,11560.29936,14868.6354,15187.35,9048.0861,13939.1934,7952.886839999999
13,False,2,0,0,7272.0,6010.65654,14044.0686,10098.56028,4904.3934,0.0,6325.21068
13,False,2,1,1,9372.0,7480.866959999999,14745.9186,12633.078,6170.2599,5940.24186,7100.31666
13,False,2,2,1,9372.0,9474.357,15842.4768,15167.5956,6920.00976,12057.087,7377.06228
13,False,2,3,1,12906.0,11567.469720000001,16054.2636,17702.112,9050.782439999999,13939.1934,8610.22266
13,False,2,4,1,12906.0,14155.8096,16033.3794,20236.6284,9989.054820000001,13939.1934,8025.71886
13,True,1,0,0,6609.93132,3226.66404,11355.80862,4964.37996,3552.8694,0.0,5631.53022
13,True,1,1,1,10015.008539999999,4755.3186000000005,11949.247200000002,7448.7378,5294.66034,6786.45486,5737.3125
13,True,1,2,1,10015.008539999999,6967.33668,12802.718400000002,9933.09516,6094.04682,13772.8878,6483.3552
13,True,1,3,1,13852.3446,9294.733919999999,13774.080600000001,12417.4524,8392.45236,15922.5594,9416.39832
13,True,1,4,1,13852.3446,11377.38318,14103.337800000001,14901.81,9145.86474,15922.5594,9146.382959999999
13,True,2,0,0,7806.0,5915.55102,13481.2746,9928.76004,4959.67986,0.0,6259.97658
13,True,2,1,1,10015.008539999999,7362.49914,14267.1162,12413.118,6242.30346,6786.45486,7440.58812
13,True,2,2,1,10015.008539999999,9324.445619999999,15316.291799999999,14897.4756,6952.05138,13772.8878,8041.26564
13,True,2,3,1,13852.3446,11384.43936,15545.6358,17381.832,9148.4172,15922.5594,9445.304820000001
13,True,2,4,1,13852.3446,13931.826000000001,15642.0468,19866.1908,10069.952280000001,15922.5594,9058.2576
14,False,1,0,0,5718.0,2879.0973,11106.4977,6222.69,3141.92562,0.0,5859.1377
14,False,1,1,1,8400.0,4243.0899,11904.048719999999,9264.51708,4607.94978,6934.86654,6644.7539400000005
14,False,1,2,1,8400.0,6216.83568,13137.8394,12306.3456,5324.66676,11922.13914,7084.36302
14,False,1,3,1,11196.0,8293.533,13668.278999999999,15348.1728,7084.633680000001,13456.6842,8988.79284
14,False,1,4,1,11196.0,10151.845440000001,13948.558799999999,18390.0,7767.08166,13456.6842,8872.9413
14,False,2,0,0,6762.0,5278.34544,13134.3144,12445.38,4364.17182,0.0,7512.1992
14,False,2,1,1,8400.0,6569.4324,14417.7654,15487.2072,5454.03804,6934.86654,8869.90248
14,False,2,2,1,8400.0,8320.044419999998,14934.8784,18529.0344,6090.92232,11922.13914,9044.4258
14,False,2,3,1,11196.0,10158.14172,15212.9004,21570.8628,7769.421060000001,13456.6842,9916.113239999999
14,False,2,4,1,11196.0,12431.1306,15294.414,24612.6912,8595.40176,13456.6842,9591.839759999999
14,True,1,0,0,7078.3605,3055.4745000000003,10461.65112,5953.34988,3625.92552,0.0,6049.96692
14,True,1,1,1,10066.878659999998,4503.02706,11413.052520000001,9104.4756,5200.572840000001,9461.928179999999,7600.4022
14,True,1,2,1,10066.878659999998,6597.687,12489.6636,12255.6012,5931.201779999999,15896.294399999999,8844.24426
14,True,1,3,1,12948.015,8801.60556,13270.7592,15406.7268,7842.843,17876.0988,11236.75014
14,True,1,4,1,12948.015,10773.76026,13904.014200000001,18557.8536,8548.9398,17876.0988,11538.12888
14,True,2,0,0,7840.23048,5601.7036800000005,12759.3468,11906.69976,4806.686100000001,0.0,7621.91238
14,True,2,1,1,10066.878659999998,6971.884319999999,13870.208999999999,15057.8244,6061.72356,9461.928179999999,9760.828140000001
14,True,2,2,1,10066.878659999998,8829.740880000001,14525.5872,18208.9512,6709.75452,15896.294399999999,10440.21492
14,True,2,3,1,12948.015,10780.442159999999,15230.0928,21360.078,8551.33266,17876.0988,11763.718499999999
14,True,2,4,1,12948.015,13192.677599999999,15624.294600000001,24511.2024,9414.99246,17876.0988,11878.925879999999
15,False,1,0,0,6144.0,2811.65892,11023.54206,4962.69,3279.88644,0.0,4971.31548
15,False,1,1,1,8784.0,4143.70182,11760.00954,7378.4604,4736.708280000001,6356.88462,5115.59382
15,False,1,2,1,8784.0,6071.21634,12570.7062,9794.23164,5442.63594,12939.7638,5391.9492
15,False,1,3,1,11814.0,8099.2698,13611.0786,12210.0036,7149.85476,14965.2654,6675.53136
15,False,1,4,1,11814.0,9914.05374,13906.7634,14625.7752,7812.96348,14965.2654,5815.24608
15,False,2,0,0,6906.0,5154.7086,13002.8598,9925.37988,4415.47152,0.0,6014.68158
15,False,2,1,1,8784.0,6415.553459999999,13801.6242,12341.1504,5568.093360000001,6356.88462,6689.43528
15,False,2,2,1,8784.0,8125.1601,14858.7576,14756.9208,6174.72948,12939.7638,6965.51952
15,False,2,3,1,11814.0,9920.20314,15136.9794,17172.6924,7815.14244,14965.2654,7453.21104
15,False,2,4,1,11814.0,12139.9512,15217.7004,19588.4628,8619.16002,14965.2654,6577.12134
15,True,1,0,0,6924.0,2946.53544,10750.12938,4909.34988,3534.16386,0.0,5076.50592
15,True,1,1,1,9759.84708,4342.47768,11666.89272,7541.7429,5052.87564,10055.45106,6297.05094
15,True,1,2,1,9759.84708,6362.45508,12499.840199999999,10174.1367,5806.89786,18731.4642,7694.75976
15,True,1,3,1,12843.9516,8487.79464,13391.2962,12806.529600000002,7595.94282,21401.0052,9841.761480000001
15,True,1,4,1,12843.9516,10389.63576,13710.607199999999,15438.923999999999,8263.20594,21401.0052,9695.445179999999
15,True,2,0,0,7760.265719999999,5401.98192,12960.3804,9818.69976,4737.8055,0.0,6302.29284
15,True,2,1,1,9759.84708,6723.31056,13775.5944,12451.0932,5948.69994,10055.45106,8024.60334
15,True,2,2,1,9759.84708,8514.92796,14677.930199999999,15083.485799999999,6609.96792,18731.4642,8881.08174
15,True,2,3,1,12843.9516,10396.08036,14983.4532,17715.8808,8265.52848,21401.0052,9856.46892
15,True,2,4,1,12843.9516,12722.31,15070.5828,20348.2734,9103.96176,21401.0052,9475.42566
16,False,1,0,0,6516.0,3138.47532,11654.32806,5766.69,3507.0065999999997,0.0,5757.10548
16,False,1,1,1,8616.0,4625.35002,12278.6346,8581.94388,4820.02446,6108.003839999999,5793.66414
16,False,1,2,1,8616.0,6776.91024,13375.6728,11397.1992,5609.92896,8996.580300000001,5409.21276
16,False,1,3,1,11424.0,9040.698120000001,14101.4634,14212.4544,7364.056259999999,9885.37356,6712.160159999999
16,False,1,4,1,11424.0,11066.42508,14359.218,17027.7084,8110.15722,9885.37356,6215.367179999999
16,False,2,0,0,6570.0,5753.87184,13566.020400000001,11533.37988,4506.40722,0.0,6558.3200400000005
16,False,2,1,1,8616.0,7161.27246,14552.8758,14348.634,5751.03972,6108.003839999999,7503.71076
16,False,2,2,1,8616.0,9069.597300000001,15348.063,17163.888,6448.39308,8996.580300000001,7002.56616
16,False,2,3,1,11424.0,11073.28896,15580.3554,19979.1444,8112.4797,9885.37356,7529.9022
16,False,2,4,1,11424.0,13551.051599999999,15628.1184,22794.3984,8989.59522,9885.37356,6915.37134
16,True,1,0,0,6810.1392,3185.16324,11256.40872,5653.34988,3700.63812,0.0,5746.43952
16,True,1,1,1,9803.74368,4694.15664,12001.9704,8655.4146,5192.21772,8751.96312,6620.10576
16,True,1,2,1,9803.74368,6877.72488,13309.2204,11657.4792,5955.0612,14734.1268,7288.125
16,True,1,3,1,12569.8428,9175.18728,13839.996,14659.5444,7802.52324,16574.7936,9809.42208
16,True,1,4,1,12569.8428,11231.05008,14107.362,17661.6096,8549.86968,16574.7936,9790.5234
16,True,2,0,0,7441.5432,5839.46628,13211.9256,11306.69976,4744.5264,0.0,6779.16432
16,True,2,1,1,9803.74368,7267.80396,14548.374,14308.764,6091.33848,8751.96312,8294.625
16,True,2,2,1,9803.74368,9204.51636,15047.9472,17310.8292,6811.0356,14734.1268,8584.18728
16,True,2,3,1,12569.8428,11238.01536,15273.2832,20312.8944,8552.40156,16574.7936,9698.844
16,True,2,4,1,12569.8428,13752.6372,15278.9016,23314.9584,9519.69432,16574.7936,9752.36724
17,False,1,0,0,5700.0,2832.40944,11269.65888,4738.79004,3131.12292,0.0,5423.38884
17,False,1,1,1,7956.0,4174.2828,11983.0752,7076.9238,4411.90104,5762.01456,5517.83976
17,False,1,2,1,7956.0,6116.0226,12713.7228,9415.05756,5123.20128,10585.27512,5551.75008
17,False,1,3,1,10632.0,8159.04348,13214.2584,11753.19288,6796.185,12069.3552,6610.1484
17,False,1,4,1,10632.0,9987.22044,13442.9316,14091.3264,7447.60404,12069.3552,6053.625
17,False,2,0,0,6360.0,5192.75064,13092.7776,9477.58008,4196.60892,0.0,6467.3826
17,False,2,1,1,7956.0,6462.90084,13781.2572,11815.71384,5250.26988,5762.01456,7115.65644
17,False,2,2,1,7956.0,8185.12428,14229.8712,14153.8476,5881.15644,10585.27512,7001.71872
17,False,2,3,1,10632.0,9993.41532,14475.252,16491.9828,7449.94704,12069.3552,7611.57792
17,False,2,4,1,10632.0,12229.5456,15079.17,18830.1156,8261.03244,12069.3552,7085.50776
17,True,1,0,0,6711.04032,3019.1616,11310.82248,4645.47984,3509.79048,0.0,5760.24204
17,True,1,1,1,9432.0,4449.51084,12056.724,7024.97388,5036.43384,6658.248,6457.24224
17,True,1,2,1,9432.0,6519.27612,13056.1644,9404.46756,5752.88892,15286.272,7762.2576
17,True,1,3,1,13266.5124,8697.00216,13691.9892,11783.96196,7707.88032,17941.0476,10548.71124
17,True,1,4,1,13266.5124,10645.719,14121.0,14163.4572,8401.84428,17941.0476,10461.67968
17,True,2,0,0,7624.06416,5535.13032,13320.2904,9290.95968,4655.9352,0.0,7127.63676
17,True,2,1,1,9432.0,6889.02612,14394.6984,11670.45408,5880.87852,6658.248,8335.24224
17,True,2,2,1,9432.0,8724.80352,15032.94,14049.948,6516.33696,15286.272,9265.344
17,True,2,3,1,13266.5124,10652.32248,15301.296,16429.4412,8404.19532,17941.0476,10785.27324
17,True,2,4,1,13266.5124,13035.8892,15553.7496,18808.9356,9253.01592,17941.0476,10614.5076
18,False,1,0,0,6816.0,3174.7884,11149.44576,6274.79004,3642.15888,0.0,5570.24016
18,False,1,1,1,8700.0,4678.8666,11751.4878,9376.11696,4892.01348,4248.37644,5317.10556
18,False,1,2,1,8700.0,6855.32148,12404.0112,12477.444,5701.24656,7529.78244,5315.87508
18,False,1,3,1,11760.0,9145.3008,12838.188,15578.7696,7544.37816,8539.44648,6896.45292
18,False,1,4,1,11760.0,11194.467,13025.5224,18680.0964,8272.13748,8539.44648,6743.66376
18,False,2,0,0,7416.0,5820.44568,13034.5008,12549.5796,4772.95788,0.0,6679.91376
18,False,2,1,1,8700.0,7244.1306,13638.9912,15650.9064,5845.81056,4248.37644,7083.1794
18,False,2,2,1,8700.0,9174.53544,14038.8768,18752.2344,6546.21828,7529.78244,6871.0818
18,False,2,3,1,11760.0,11201.41044,14199.912,21853.56,8274.5874,8539.44648,7542.5706
18,False,2,4,1,11760.0,13707.8412,14805.1368,24954.888,9192.62916,8539.44648,7242.25776
18,True,1,0,0,7832.84472,3299.28996,10652.3496,5785.47984,4036.1916,0.0,5707.08
18,True,1,1,1,10412.0772,4862.3514,11447.8044,8731.40628,5563.66008,5956.25688,6252.12888
18,True,1,2,1,10412.0772,7124.15772,12600.2316,11677.33224,6414.12744,9667.98852,6510.71484
18,True,1,3,1,13296.0,9503.94072,13336.386,14623.2588,8330.37084,10810.0584,8905.40628
18,True,1,4,1,13296.0,11633.46612,13680.48,17569.1856,9131.09916,10810.0584,9145.62528
18,True,2,0,0,8400.0,6048.69876,12799.4196,11570.95968,5200.8732,0.0,6939.66432
18,True,2,1,1,10412.0772,7528.21368,13738.8828,14516.886,6566.0574,5956.25688,7929.10176
18,True,2,2,1,10412.0772,9534.32148,14526.5904,17462.8128,7291.01436,9667.98852,8034.3516
18,True,2,3,1,13296.0,11640.68184,15036.27,20408.7396,9133.81272,10810.0584,8922.62472
18,True,2,4,1,13296.0,14245.4028,15083.394,23354.664,10113.22116,10810.0584,8772.78144
19,False,1,0,0,16020.0,3942.54744,11101.4436,5534.18004,7233.21828,0.0,9551.92164
19,False,1,1,1,23712.0,5810.35728,12013.1772,8515.11252,10708.19532,13234.2996,15176.172
19,False,1,2,1,23712.0,8513.14452,13036.506,11496.04536,11692.67508,18500.3844,17484.0156
19,False,1,3,1,29496.0,11356.90944,14362.0596,14476.9788,14824.2768,20120.7192,22588.1256
19,False,1,4,1,29496.0,13901.6256,14891.568,17457.9108,15751.182,20120.7192,22939.5156
19,False,2,0,0,20796.0,7228.00416,13523.79,11068.36008,10167.98652,0.0,12198.6564
19,False,2,1,1,23712.0,8995.97976,14529.2112,14049.2928,11868.54708,13234.2996,15853.8048
19,False,2,2,1,23712.0,11393.21412,15915.3252,17030.2248,12741.7308,18500.3844,17753.4372
19,False,2,3,1,29496.0,13910.2488,16429.9968,20011.1592,15754.3212,20120.7192,22001.0628
19,False,2,4,1,29496.0,17022.81,16711.4712,22992.0912,16888.0632,20120.7192,22818.9444
19,True,1,0,0,13200.0,3973.67316,9597.76104,4156.53996,6433.221,0.0,7981.21512
19,True,1,1,1,20004.0,5856.22812,10647.05496,6391.65972,9402.34572,14598.3336,12775.3128
19,True,1,2,1,20004.0,8580.35376,11967.52584,8626.77828,10389.40356,25122.3492,16628.3508
19,True,1,3,1,25068.0,11446.5696,12848.112,10861.8984,13259.5428,28360.5024,21646.0008
19,True,1,4,1,25068.0,14011.3752,13458.4356,13097.0172,14188.8732,28360.5024,21863.2572
19,True,2,0,0,15180.0,7285.06716,12114.3612,8313.0798,8452.815,0.0,9603.55884
19,True,2,1,1,20004.0,9066.99972,13330.584,10548.1992,10565.73408,14598.3336,13508.6724
19,True,2,2,1,20004.0,11483.15916,14245.7256,12783.3192,11441.20464,25122.3492,16378.7112
19,True,2,3,1,25068.0,14020.0644,14727.1008,15018.438,14192.022,28360.5024,20463.1104
19,True,2,4,1,25068.0,17157.2004,15083.754,17253.5568,15328.728,28360.5024,20944.9224
20,False,1,0,0,8976.0,3237.03924,11330.25732,3646.79004,4395.19152,0.0,5928.44124
20,False,1,1,1,11244.0,4770.609,12625.0092,5442.342,5802.72432,7320.25704,6300.74628
20,False,1,2,1,11244.0,6989.73852,13488.6084,7237.89408,6606.80268,12163.7052,6016.39452
20,False,1,3,1,14880.0,9324.6204,14102.8668,9033.44532,8761.59228,13653.996,7776.21096
20,False,1,4,1,14880.0,11413.96584,14459.1492,10828.998,9518.6448,13653.996,7143.54708
20,False,2,0,0,9036.0,5934.57168,14073.2664,7293.58008,5369.29176,0.0,6654.95724
20,False,2,1,1,11244.0,7386.17208,14889.852,9089.13204,6750.44604,7320.25704,7660.28544
20,False,2,2,1,11244.0,9354.42768,15470.5068,10884.68412,7463.62284,12163.7052,7150.82004
20,False,2,3,1,14880.0,11421.0462,15803.0436,12680.2356,9521.2104,13653.996,7960.3206
20,False,2,4,1,14880.0,13976.622,16165.1964,14475.7884,10447.19604,13653.996,7108.719
20,True,1,0,0,10692.0,3434.16648,10514.77368,3553.47984,5118.46728,0.0,6630.73464
20,True,1,1,1,16116.0,5061.12708,11676.08568,5390.39208,7673.30856,10254.843,8562.77712
20,True,1,2,1,16116.0,7415.39724,12774.7524,7227.30396,8526.35304,16568.1156,9714.28932
20,True,1,3,1,21358.7904,9892.46556,13606.8132,9064.21584,11182.78488,18510.6612,13259.43
20,True,1,4,1,21358.7904,12109.0464,14294.4816,10901.12772,11954.3958,18510.6612,13162.2888
20,True,2,0,0,13224.0,6295.97172,13249.3728,7106.95968,7004.36064,0.0,7947.93384
20,True,2,1,1,16116.0,7835.97144,14105.8824,8943.87156,8678.74368,10254.843,9976.54692
20,True,2,2,1,16116.0,9924.08784,14997.3264,10780.78416,9428.42436,16568.1156,10203.92208
20,True,2,3,1,21358.7904,12116.5572,15500.7252,12617.6952,11957.01048,18510.6612,12233.4216
20,True,2,4,1,21358.7904,14827.7628,15947.7204,14454.6084,12925.4928,18510.6612,11951.16432
21,False,1,0,0,7584.0,3786.921,11256.46728,5054.18004,4067.50272,0.0,5869.20516
21,False,1,1,1,10056.0,5581.00164,11957.82204,7600.3872,5588.33784,6455.78388,5878.83216
21,False,1,2,1,10056.0,8177.09988,12943.7604,10146.59472,6492.9258,10732.49928,5926.58976
21,False,1,3,1,12504.0,10908.61152,13875.21,12692.8008,8521.78716,12048.4128,8265.81228
21,False,1,4,1,12504.0,13352.8764,14191.122,15239.01,9446.26536,12048.4128,8439.98436
21,False,2,0,0,7632.0,6942.68916,13188.3876,10108.36008,5312.99268,0.0,6816.5274
21,False,2,1,1,10056.0,8640.87528,13978.0572,12654.5664,6654.5244,6455.78388,7726.04292
21,False,2,2,1,10056.0,10943.4822,15058.2012,15200.7744,7456.84932,10732.49928,7756.80468
21,False,2,3,1,12504.0,13361.1612,15325.9584,17746.9824,9449.39724,12048.4128,8797.5234
21,False,2,4,1,12504.0,16350.8568,15386.4336,20293.1892,10580.1702,12048.4128,8725.00776
21,True,1,0,0,8604.0,4077.42444,10376.9238,4612.53996,4741.59336,0.0,6323.53488
21,True,1,1,1,13032.0,6009.13224,11205.0498,6934.28616,7115.4258,7928.5686,7777.25028
21,True,1,2,1,13032.0,8804.38404,12151.284,9256.03272,8228.76564,13382.1504,8969.37528
21,True,1,3,1,17184.0,11745.43584,13093.2036,11577.77928,10904.61108,15060.1752,12500.1564
21,True,1,4,1,17184.0,14377.2072,13795.2024,13899.5256,11952.8364,15060.1752,12836.2032
21,True,2,0,0,10704.0,7475.27784,12603.3672,9225.0798,6855.86064,0.0,7827.03876
21,True,2,1,1,13032.0,9303.73608,13502.5956,11546.82636,8427.65628,7928.5686,9442.93728
21,True,2,2,1,13032.0,11782.9812,14307.3312,13868.5728,9415.13088,13382.1504,9711.14064
21,True,2,3,1,17184.0,14386.1256,15087.4428,16190.3208,11956.38792,15060.1752,11849.75028
21,True,2,4,1,17184.0,17605.17,15377.1684,18512.0652,13238.5224,15060.1752,12230.07
22,False,1,0,0,6360.0,3050.28684,11205.64236,4350.69,3416.469,0.0,5118.33396
22,False,1,1,1,8808.0,4495.38168,12038.6388,6462.37644,4889.69748,6673.46928,5371.25388
22,False,1,2,1,8808.0,6586.48536,12838.9728,8574.06372,5667.32184,13791.8364,6042.38676
22,False,1,3,1,12012.0,8786.66232,13871.1564,10685.75028,7510.74468,15982.1028,7789.79664
22,False,1,4,1,12012.0,10755.46872,14186.1384,12797.4372,8219.74872,15982.1028,7054.92192
22,False,2,0,0,7272.0,5592.19296,13169.8788,8701.37988,4668.69576,0.0,6175.79292
22,False,2,1,1,8808.0,6960.04764,13957.6056,10813.06644,5799.16404,6673.46928,6977.71512
22,False,2,2,1,8808.0,8814.74928,15061.8168,12924.7524,6494.0544,13791.8364,7509.45336
22,False,2,3,1,12012.0,10762.13892,15340.9248,15036.4392,8222.19144,15982.1028,8159.75028
22,False,2,4,1,12012.0,13170.2796,15469.9728,17148.1272,9103.65972,15982.1028,7242.78144
22,True,1,0,0,7539.922500000001,3076.22466,10201.26636,4045.34988,3822.01536,0.0,5064.6054
22,True,1,1,1,10533.508259999999,4533.60768,11145.06258,6248.4474,5474.87478,7667.23242,5873.5057799999995
22,True,1,2,1,10533.508259999999,6642.492899999999,12260.2392,8451.54528,6229.57104,16922.678399999997,7539.06444
22,True,1,3,1,13707.135600000001,8861.37852,13041.7356,10654.6428,8207.285520000001,19770.506999999998,9748.76184
22,True,1,4,1,13707.135600000001,10846.926660000001,13406.145,12857.7408,8917.022099999998,19770.506999999998,9298.35936
22,True,2,0,0,8400.0,5639.7456600000005,12446.543399999999,8090.69976,5052.69306,0.0,6194.1738000000005
22,True,2,1,1,10533.508259999999,7019.23128,13588.2156,10293.79794,6372.06264,7667.23242,7565.12292
22,True,2,2,1,10533.508259999999,8889.705300000001,14400.5664,12496.8948,7079.52504,16922.678399999997,8576.4375
22,True,2,3,1,13707.135600000001,10853.654999999999,14743.9452,14699.9934,8919.42702,19770.506999999998,9498.5427
22,True,2,4,1,13707.135600000001,13282.2714,14955.0762,16903.090799999998,9822.195960000001,19770.506999999998,8927.3514
23,False,1,0,0,5808.0,3169.60068,11326.560420000002,4530.69,3313.0876200000002,0.0,4951.1133
23,False,1,1,1,8808.0,4671.2214,12148.4346,7411.81344,4925.60592,6766.71204,4811.710859999999
23,False,1,2,1,8808.0,6844.119839999999,13460.447400000001,10292.93628,5712.24888,11301.61524,4918.910159999999
23,False,1,3,1,11898.0,9130.35756,14013.931199999999,13174.0608,7615.6285800000005,12696.9696,7143.48816
23,False,1,4,1,11898.0,11176.1748,14355.160800000001,16055.1828,8379.827280000001,12696.9696,6915.7302
23,False,2,0,0,6858.0,5810.93502,13386.928800000002,9061.37988,4613.55876,0.0,5886.60738
23,False,2,1,1,8808.0,7232.29392,14676.1092,11942.50344,5851.51866,6766.71204,7001.21886
23,False,2,2,1,8808.0,9159.5442,15205.8168,14823.6264,6553.80468,11301.61524,6835.535159999999
23,False,2,3,1,11898.0,11183.107199999999,15524.3622,17704.7496,8382.32298,12696.9696,7918.277340000001
23,False,2,4,1,11898.0,13685.4426,15644.2638,20585.8728,9268.314,12696.9696,7351.097519999999
23,True,1,0,0,7911.32148,3371.91576,10975.97832,3949.34988,4121.91468,0.0,5575.89072
23,True,1,1,1,11232.0,4969.38432,11875.2744,6691.36812,6112.02792,11935.2312,8109.78876
23,True,1,2,1,11232.0,7280.97876,12926.9664,9433.38576,7054.63404,20382.8976,11129.31228
23,True,1,3,1,16080.0,9713.14524,13817.3604,12175.4028,9722.77656,22982.1792,15753.5088
23,True,1,4,1,16080.0,11889.5478,14350.2,14917.4208,10588.689,22982.1792,16625.0628
23,True,2,0,0,8806.94748,6181.84572,13109.1624,7898.69976,5668.90872,0.0,6854.41044
23,True,2,1,1,11232.0,7693.92924,14107.4496,10640.718,7198.27812,11935.2312,9941.10936
23,True,2,2,1,11232.0,9744.1956,15053.0352,13382.736,7911.4548,20382.8976,11480.28144
23,True,2,3,1,16080.0,11896.92264,15593.6856,16124.754,10591.2546,22982.1792,14937.1644
23,True,2,4,1,16080.0,14558.9808,15989.922,18866.772,11517.24024,22982.1792,15353.9376
24,False,1,0,0,5484.0,2946.53544,11179.7988,6618.69,3081.03072,0.0,5193.41604
24,False,1,1,1,7944.0,4342.47768,11849.61768,9857.27784,4457.41584,4687.58496,5157.6522
24,False,1,2,1,7944.0,6362.45508,12552.3432,13095.8676,5191.91052,8929.93356,5438.4726
24,False,1,3,1,10596.0,8487.79464,12997.5516,16334.4552,6913.17192,10235.27124,6829.17552
24,False,1,4,1,10596.0,10389.63576,13756.1328,19573.0428,7570.73952,10235.27124,6756.80496
24,False,2,0,0,6072.0,5401.98192,13053.5304,13237.38,4188.3288,0.0,6116.78136
24,False,2,1,1,7944.0,6723.31056,13711.9368,16475.9676,5323.12284,4687.58496,6941.8674
24,False,2,2,1,7944.0,8514.92796,14160.4836,19714.5552,5974.5828,8929.93356,7046.70708
24,False,2,3,1,10596.0,10396.08036,14951.0844,22953.1452,7572.96756,10235.27124,8004.45336
24,False,2,4,1,10596.0,12722.31,14945.1744,26191.734,8378.41332,10235.27124,7610.31228
24,True,1,0,0,6768.0,3071.037,10995.46068,5221.34988,3591.77784,0.0,5362.48824
24,True,1,1,1,9665.70408,4525.96248,11722.2708,8008.76664,5064.63612,6977.97288,6075.17172
24,True,1,2,1,9665.70408,6631.2912,12463.7436,10796.18412,5816.46828,13227.9288,7010.75388
24,True,1,3,1,13048.83,8846.43456,12975.3,13583.6004,7869.73248,15150.9912,9335.10132
24,True,1,4,1,13048.83,10828.63476,13619.9388,16371.018,8549.13792,15150.9912,9631.92192
24,True,2,0,0,7552.56,5630.235,12967.938,10442.69976,4704.12852,0.0,6152.69892
24,True,2,1,1,9665.70408,7007.39424,13690.086,13230.1176,5938.93356,6977.97288,7742.34744
24,True,2,2,1,9665.70408,8874.71412,14267.5608,16017.5328,6633.936,13227.9288,8408.96856
24,True,2,3,1,13048.83,10835.35176,14810.256,18804.9504,8551.44,15150.9912,9619.41432
24,True,2,4,1,13048.83,13259.8728,15091.482,21592.368,9388.38792,15150.9912,9596.67192
25,False,1,0,0,6420.0,3164.41296,11097.87816,5914.79004,3465.38376,0.0,5502.64056
25,False,1,1,1,8208.0,4663.5762,11781.06516,8837.2434,4691.58108,2796.4422,4761.83604
25,False,1,2,1,8208.0,6832.9182,12495.006,11759.69676,5490.50496,4083.01392,4484.13684
25,False,1,3,1,10836.0,9115.41432,12962.2176,14682.15,7183.73436,4478.8824,4978.99992
25,False,1,4,1,10836.0,11157.8826,13182.5088,17604.6036,7937.96928,4478.8824,4559.5272
25,False,2,0,0,6468.0,5801.42436,12972.7164,11829.58008,4491.72108,0.0,6299.0742
25,False,2,1,1,8208.0,7220.45724,13683.618,14752.0344,5633.22768,2796.4422,6429.08568
25,False,2,2,1,8208.0,9144.55296,14176.326,17674.4868,6341.83224,4083.01392,5928.99204
25,False,2,3,1,10836.0,11164.80396,14354.334,20596.9404,7940.44332,4478.8824,6206.17164
25,False,2,4,1,10836.0,13663.044,14429.2872,23519.394,8836.67652,4478.8824,5707.26564
25,True,1,0,0,7379.48436,3226.66368,10734.31644,5761.47984,3825.32304,0.0,5702.77332
25,True,1,1,1,9587.98464,4755.31824,11461.06788,8695.48092,5256.83052,5021.15484,5614.16784
25,True,1,2,1,9587.98464,6967.33668,12263.0424,11629.48164,6055.75452,8107.88448,5476.71096
25,True,1,3,1,12413.916,9294.7332,13066.038,14563.4844,8114.96928,9057.64752,6898.55496
25,True,1,4,1,12413.916,11377.38276,13366.3992,17497.4844,8925.40356,9057.64752,6815.74224
25,True,2,0,0,8112.0,5915.5506,12806.3628,11522.95968,5211.26436,0.0,6695.94144
25,True,2,1,1,9587.98464,7362.498,13520.3676,14456.9604,6198.47748,5021.15484,7278.45336
25,True,2,2,1,9587.98464,9324.44532,14173.338,17390.9616,6915.5412,8107.88448,6920.89824
25,True,2,3,1,12413.916,11384.43972,14619.8916,20324.9616,8928.1494,9057.64752,8037.01536
25,True,2,4,1,12413.916,13931.826,14648.2548,23258.9628,9919.42968,9057.64752,7626.52368
26,False,1,0,0,7092.0,3351.16548,12029.3508,5013.2802,3816.17364,0.0,5994.61524
26,False,1,1,1,9612.0,4938.80388,12660.8412,7529.9106,5489.595,7006.3176,6757.76952
26,False,1,2,1,9612.0,7236.17208,13912.5936,10046.54004,6326.21196,15116.6124,8588.06256
26,False,1,3,1,12828.0,9653.373,14383.3944,12563.1696,8209.14108,17612.0856,11428.6956
26,False,1,4,1,12828.0,11816.38188,14544.9636,15079.8,8980.752,17612.0856,11343.33624
26,False,2,0,0,7728.0,6143.80368,13943.7396,10026.56028,5085.0462,0.0,6678.07392
26,False,2,1,1,9612.0,7646.5818,15241.3056,12543.1908,6471.69648,7006.3176,8288.0544
26,False,2,2,1,9612.0,9684.23076,15690.0324,15059.8212,7194.0168,15116.6124,9437.94504
26,False,2,3,1,12828.0,11823.70968,15799.0308,17576.4492,8983.36668,17612.0856,10871.8674
26,False,2,4,1,12828.0,14469.3876,15941.3976,20093.0796,9957.873,17612.0856,10742.73408
26,True,1,0,0,7308.0,3288.91512,10386.2988,4520.37996,3817.12428,0.0,5796.2208
26,True,1,1,1,10228.5798,4847.06136,11007.33036,6784.12644,5479.11984,8519.37084,7080.4182
26,True,1,2,1,10228.5798,7101.75516,12409.8756,9047.874,6303.81588,17681.7264,9302.0976
26,True,1,3,1,14133.8424,9474.05352,13231.0824,11311.62156,8586.55884,20500.9116,12639.7812
26,True,1,4,1,14133.8424,11596.88304,13790.634,13575.3672,9363.02268,20500.9116,12483.0312
26,True,2,0,0,7757.02956,6029.67768,12531.4044,9040.76004,5016.14352,0.0,6329.19948
26,True,2,1,1,10228.5798,7504.54032,13863.5376,11304.50688,6451.14252,8519.37084,8440.03488
26,True,2,2,1,10228.5798,9504.33912,14652.7896,13568.2524,7182.60576,17681.7264,9822.85176
26,True,2,3,1,14133.8424,11604.07548,15189.6396,15832.0008,9365.65428,20500.9116,11682.26592
26,True,2,4,1,14133.8424,14200.6068,15520.932,18095.748,10315.3836,20500.9116,11514.1956
27,False,1,0,0,6690.0,3065.84958,11132.81946,6010.79004,3527.65902,0.0,5764.5996
27,False,1,1,1,8316.0,4518.31746,11826.98472,8980.94316,4736.25426,6484.77246,5946.08604
27,False,1,2,1,8316.0,6620.08992,12565.097399999999,11951.09616,5528.76198,10767.68004,6134.562540000001
27,False,1,3,1,11400.0,8831.49168,13038.918,14921.25,7287.02202,12085.497599999999,7767.03924
27,False,1,4,1,11400.0,10810.343280000001,13443.417,17891.4024,7982.10024,12085.497599999999,7771.5117
27,False,2,0,0,6852.0,5620.7247,13022.3646,12021.5796,4488.52866,0.0,6662.85132
27,False,2,1,1,8316.0,6995.55762,13729.462800000001,14991.732,5664.15084,6484.77246,7856.69526
27,False,2,2,1,8316.0,8859.723300000001,14240.968799999999,17961.8868,6337.6794,10767.68004,7879.761479999999
27,False,2,3,1,11400.0,10817.048579999999,14559.249,20932.0404,7984.43076,12085.497599999999,8721.97266
27,False,2,4,1,11400.0,13237.4742,14961.66,23902.1928,8839.29234,12085.497599999999,8399.972880000001
27,True,1,0,0,8214.0,3128.10018,10698.44496,5353.47984,4064.5783199999996,0.0,6033.29094
27,True,1,1,1,10295.733059999999,4610.05962,11533.15362,8084.75832,5416.02612,8540.17932,6812.04312
27,True,1,2,1,10295.733059999999,6754.507680000001,12313.8192,10816.036380000001,6173.71512,13641.163199999999,7418.779140000001
27,True,1,3,1,13791.4008,9010.81128,13109.6904,13547.3148,8209.614239999999,15210.696,9613.08984
27,True,1,4,1,13791.4008,11029.842059999999,13568.137200000001,16278.5934,8919.35082,15210.696,9905.609639999999
27,True,2,0,0,8544.0,5734.85082,12813.5898,10706.95968,5127.02784,0.0,6964.28538
27,True,2,1,1,10295.733059999999,7137.598739999999,13611.0498,13438.2384,6309.071760000001,8540.17932,8659.904340000001
27,True,2,2,1,10295.733059999999,9039.614880000001,14441.6856,16169.5164,6986.30898,13641.163199999999,8921.53128
27,True,2,3,1,13791.4008,11036.68326,14893.5048,18900.7944,8921.7561,15210.696,9997.95336
27,True,2,4,1,13791.4008,13506.2556,15073.591199999999,21632.072999999997,9789.86796,15210.696,9916.011419999999
28,False,1,0,0,7068.0,3382.29084,12279.0408,4638.69,3842.94216,0.0,4962.0744
28,False,1,1,1,8808.0,4984.67472,13060.0248,6893.4756,4997.6298,6937.92036,4706.30088
28,False,1,2,1,8808.0,7303.38132,13891.4004,9148.26048,5837.78868,12061.9068,4531.20708
28,False,1,3,1,12600.0,9743.03316,14380.0284,11403.0462,8052.44604,13638.5172,5828.26572
28,False,1,4,1,12600.0,11926.1316,15193.3032,13657.8312,8833.76292,13638.5172,5520.57024
28,False,2,0,0,7116.0,6200.8674,14377.2816,9277.37988,4922.9202,0.0,5566.74204
28,False,2,1,1,8808.0,7717.60332,15116.6484,11532.16548,5987.87772,6937.92036,6045.2304
28,False,2,2,1,8808.0,9774.17796,15617.9028,13786.9512,6733.05612,12061.9068,5767.99224
28,False,2,3,1,12600.0,11933.52828,16447.6308,16041.7356,8836.40988,13638.5172,6442.53876
28,False,2,4,1,12600.0,14603.7792,16510.6512,18296.5212,9792.07548,13638.5172,5650.17192
28,True,1,0,0,8080.48098,3371.91576,10763.7459,3769.34988,4123.339980000001,0.0,4672.22754
28,True,1,1,1,10538.19066,4969.3845,11555.230080000001,5835.31128,5611.57782,8635.77102,4962.86334
28,True,1,2,1,10538.19066,7280.97876,12290.095440000001,7901.27268,6455.60262,28141.2828,9236.86338
28,True,1,3,1,14970.447,9713.14632,13037.2896,9967.23492,8939.902979999999,34142.9778,14064.0426
28,True,1,4,1,14970.447,11889.54822,13542.779999999999,12033.1956,9734.56494,34142.9778,14065.8588
28,True,2,0,0,8540.4774,6181.84608,13130.647799999999,7538.69976,5322.63846,0.0,5296.865100000001
28,True,2,1,1,10538.19066,7693.9295999999995,13732.028999999999,9604.66188,6606.381960000001,8635.77102,6275.31846
28,True,2,2,1,10538.19066,9744.1959,14489.8122,11670.62256,7353.172500000001,28141.2828,9258.5625
28,True,2,3,1,14970.447,11896.92222,15020.258399999999,13736.5836,9737.25768,34142.9778,12287.0664
28,True,2,4,1,14970.447,14558.9826,15035.5062,15802.5456,10709.24598,34142.9778,11926.90272
29,False,1,0,0,5808.0,3164.41296,11833.56666,7566.69,3269.2212600000003,0.0,5775.52536
29,False,1,1,1,8808.0,4663.5762,12515.7186,11276.31,4903.44468,6609.787319999999,6261.035159999999
29,False,1,2,1,8808.0,6832.9182,13765.5006,14985.9312,5695.87332,15442.930199999999,8633.910240000001
29,False,1,3,1,11388.0,9115.41432,14266.6434,18695.5536,7475.464980000001,18160.819199999998,11925.39078
29,False,1,4,1,11388.0,11157.8826,14496.7434,22405.1736,8229.502079999998,18160.819199999998,12436.843799999999
29,False,2,0,0,6780.0,5801.42436,13748.587800000001,15133.38,4608.49572,0.0,7127.73042
29,False,2,1,1,8808.0,7220.45724,15049.036199999999,18843.0,5837.7647400000005,6609.787319999999,8520.50976
29,False,2,2,1,8808.0,9144.55296,15494.042399999998,22552.62,6538.61832,15442.930199999999,9925.11324
29,False,2,3,1,11388.0,11164.80396,15674.914799999999,26262.2436,8231.985,18160.819199999998,12066.828
29,False,2,4,1,11388.0,13663.044,15696.5622,29971.8636,9141.90888,18160.819199999998,12407.984400000001
29,True,1,0,0,6629.655,3133.28796,11429.20752,5449.34988,3524.66928,0.0,5409.99024
29,True,1,1,1,9415.06344,4617.705,12388.9992,8350.05324,5145.56868,8346.66576,6432.11724
29,True,1,2,1,9415.06344,6765.70896,13554.9144,11250.75588,5952.22452,18732.1572,9280.21068
29,True,1,3,1,12639.27,9025.75488,14065.8588,14151.4596,7685.814,21927.6912,12947.4684
29,True,1,4,1,12639.27,11048.1336,14322.3324,17052.1608,8421.02784,21927.6912,13591.3284
29,True,2,0,0,7536.0,5744.36136,13576.452,10898.69976,4734.64752,0.0,6492.30108
29,True,2,1,1,9415.06344,7149.43584,14897.7936,13799.4024,6096.32808,8346.66576,8329.83624
29,True,2,2,1,9415.06344,9054.60648,15377.1156,16700.106,6740.17092,18732.1572,10335.20292
29,True,2,3,1,12639.27,11054.98608,15612.0084,19600.8096,8423.51952,21927.6912,12830.5008
29,True,2,4,1,12639.27,13528.6536,15722.7864,22501.512,9322.79448,21927.6912,13203.4692
30,False,1,0,0,8940.0,3880.29672,11082.063,3854.18004,4614.31752,0.0,4869.9708
30,False,1,1,1,12840.0,5718.61416,12193.6284,5804.14308,6667.99296,8519.655,5457.39444
30,False,1,2,1,12840.0,8378.72532,13034.0688,7754.10576,7631.85576,14302.0704,5559.55848
30,False,1,3,1,16824.0,11177.58984,13750.5984,9704.06832,10259.12988,16081.2756,7538.61696
30,False,1,4,1,16824.0,13682.1252,14005.0956,11654.03172,11166.62256,16081.2756,7208.72676
30,False,2,0,0,9948.0,7113.87744,13484.8416,7708.36008,6182.19144,0.0,5766.3984
30,False,2,1,1,12840.0,8853.93672,14284.5792,9658.32276,7804.04448,8519.655,6724.45308
30,False,2,2,1,12840.0,11213.32032,14954.0784,11608.28616,8658.94188,14302.0704,6439.92192
30,False,2,3,1,16824.0,13690.6128,15185.3748,13558.248,11169.69732,16081.2756,7287.43728
30,False,2,4,1,16824.0,16754.0268,15874.4184,15508.212,12208.4256,16081.2756,6873.93756
30,True,1,0,0,11310.42336,3745.42056,10433.94432,3808.53996,5421.49224,0.0,5307.12888
30,True,1,1,1,16816.89,5519.83884,11445.15012,5730.80316,8086.23336,10891.98852,6869.2698
30,True,1,2,1,16816.89,8087.48736,12461.076,7653.06588,8993.3994,16390.2552,7339.43772
30,True,1,3,1,21904.8432,10789.06416,13740.7512,9575.32908,11748.82908,18082.0308,10182.20292
30,True,1,4,1,21904.8432,13206.5436,14254.3188,11497.59228,12602.94,18082.0308,9923.57004
30,True,2,0,0,13045.662,6866.60376,12798.0396,7617.0798,7152.97116,0.0,6283.78128
30,True,2,1,1,16816.89,8546.17968,13766.0292,9539.343,9155.4588,10891.98852,8090.90628
30,True,2,2,1,16816.89,10823.55252,15085.458,11461.6062,9960.06744,16390.2552,7903.875
30,True,2,3,1,21904.8432,13214.7348,15575.8452,13383.8688,12605.8344,18082.0308,9283.2576
30,True,2,4,1,21904.8432,16171.668,15853.644,15306.132,13650.5364,18082.0308,8698.3674
31,True,1,0,0,13376.2764,3631.29384,9895.89552,4672.53996,6181.31028,0.0,6518.13648
31,True,1,1,1,19447.8564,5351.64516,10974.37356,7183.09932,8985.83712,11290.02756,8983.44504
31,True,1,2,1,19447.8564,7841.05368,12043.9836,9693.65916,9992.57736,20025.1752,11763.9456
31,True,1,3,1,24188.8212,10460.31156,13316.8068,12204.2184,12839.6676,22712.9136,16390.3992
31,True,1,4,1,24188.8212,12804.1284,13866.288,14714.7768,13618.5588,22712.9136,16826.3208
31,True,2,0,0,15336.3876,6657.37284,12337.9632,9345.0798,8077.50588,0.0,8019.82836
31,True,2,1,1,19447.8564,8285.7708,13359.4584,11855.63892,10156.01736,11290.02756,10495.39092
31,True,2,2,1,19447.8564,10493.74872,14631.3444,14366.1984,10967.48364,20025.1752,12195.1404
31,True,2,3,1,24188.8212,12812.07,15157.4208,16876.758,13621.1964,22712.9136,15540.2412
31,True,2,4,1,24188.8212,15678.9036,15549.1656,19387.3188,14573.8944,22712.9136,16213.1556
32,False,1,0,0,7596.0,3205.9138199999998,10919.64588,4077.2802,3868.1913000000004,0.0,5178.8379
32,False,1,1,1,9270.0,4724.73762,11651.407500000001,6128.83956,5148.33966,7671.530220000001,5355.32628
32,False,1,2,1,9270.0,6922.53042,12542.0616,8180.3994,5977.21692,13754.9538,5703.48246
32,False,1,3,1,12750.0,9234.96024,13092.2256,10231.95924,8062.9065,15626.7762,7341.34386
32,False,1,4,1,12750.0,11304.21642,13694.7096,12283.518,8822.51478,15626.7762,6914.3943
32,False,2,0,0,7914.0,5877.50868,12968.9694,8154.56028,4979.90718,0.0,5421.367319999999
32,False,2,1,1,9270.0,7315.151400000001,13762.1772,10206.1194,6127.075199999999,7671.530220000001,6818.3577000000005
32,False,2,2,1,9270.0,9264.4812,14220.6246,12257.6796,6871.11072,13754.9538,6891.58956
32,False,2,3,1,12750.0,11311.22754,15027.612000000001,14309.238,8825.2317,15626.7762,7793.32398
32,False,2,4,1,12750.0,13842.2316,15073.5366,16360.7988,9769.20006,15626.7762,6901.20702
32,True,1,0,0,7262.9868,3216.28896,10625.3166,3476.37996,3791.04636,0.0,4782.33984
32,True,1,1,1,10968.79248,4740.02784,11506.11696,5221.39452,5634.53652,8620.82232,5376.86724
32,True,1,2,1,10968.79248,6944.9334,12484.194,6966.40872,6402.53472,15127.2828,5844.0234
32,True,1,3,1,15694.71,9264.84744,13572.7452,8711.42436,8926.89552,17129.2692,8265.17208
32,True,1,4,1,15694.71,11340.79908,13960.0176,10456.43844,9649.97748,17129.2692,7805.406
32,True,2,0,0,8985.07476,5896.52964,12797.7564,6952.76004,5316.93792,0.0,5300.0976
32,True,2,1,1,10968.79248,7338.82476,13880.9652,8697.77496,6539.73264,8620.82232,6836.69892
32,True,2,2,1,10968.79248,9294.46368,14862.168,10442.78904,7220.907,15127.2828,7054.06272
32,True,2,3,1,15694.71,11347.83396,15227.2452,12187.8036,9652.42752,17129.2692,8388.82836
32,True,2,4,1,15694.71,13887.0276,15384.6912,13932.8172,10536.86352,17129.2692,7641.71856
33,False,1,0,0,6972.0,3475.66668,12271.638,6441.27984,3774.32412,0.0,5054.03904
33,False,1,1,1,9876.0,5122.28796,13568.6856,9667.44,5385.8712,7783.41504,5294.6016
33,False,1,2,1,9876.0,7505.00904,14410.6512,12893.6016,6256.95624,14012.4504,5755.51176
33,False,1,3,1,13872.0,10012.01148,14990.8452,16119.762,8532.8664,15929.0784,7627.82808
33,False,1,4,1,13872.0,12255.3804,15297.8112,19345.9224,9316.60992,15929.0784,7558.6956
33,False,2,0,0,7608.0,6372.0564,14700.618,12882.5592,5069.54988,0.0,6251.58984
33,False,2,1,1,9876.0,7930.66548,15616.1064,16108.7196,6412.57032,7783.41504,7004.23824
33,False,2,2,1,9876.0,10044.0168,16145.2284,19334.88,7185.17796,14012.4504,6917.9766
33,False,2,3,1,13872.0,12262.9812,16664.2476,22561.0428,9319.26492,15929.0784,7775.25
33,False,2,4,1,13872.0,15006.9504,16694.868,25787.2032,10277.89824,15929.0784,7407.27324
33,True,1,0,0,8730.0,3475.66716,10126.180260000001,5258.37996,4394.39958,0.0,4764.2031
33,True,1,1,1,12996.0,5122.28868,11041.24038,7888.8171600000005,6523.41834,9472.18104,5541.0958200000005
33,True,1,2,1,12996.0,7505.00904,12126.9624,10519.2546,7367.4426,16795.9506,6251.8848
33,True,1,3,1,18600.0,10012.01256,12734.9712,13149.691620000001,10286.04162,19049.417999999998,9178.906500000001
33,True,1,4,1,18600.0,12255.3804,13076.9292,15780.1296,11080.70394,19049.417999999998,8960.378939999999
33,True,2,0,0,10350.0,6372.0567599999995,12621.8406,10516.76004,6007.3699799999995,0.0,5970.449339999999
33,True,2,1,1,12996.0,7930.66626,13704.3216,13147.19736,7518.221939999999,9472.18104,7092.2871
33,True,2,2,1,12996.0,10044.01716,14278.236,15777.6342,8266.82886,16795.9506,7154.4920999999995
33,True,2,3,1,18600.0,12262.9818,14596.2876,18408.0714,11083.39674,19049.417999999998,8746.3242
33,True,2,4,1,18600.0,15006.951000000001,14721.4488,21038.5092,12055.3869,19049.417999999998,8193.24972
34,False,1,0,0,7698.0,3102.1625999999997,11042.7096,5318.18004,3928.36194,0.0,6101.97948
34,False,1,1,1,10152.0,4571.83374,11891.29794,8895.0198,5298.76794,8449.640640000001,6510.06444
34,False,1,2,1,10152.0,6698.5005,13126.2096,9372.26004,6047.331899999999,17298.8916,7598.7228
34,False,1,3,1,12954.0,8936.094720000001,13707.5304,9849.49956,7960.89114,20021.7408,9288.71484
34,False,1,4,1,12954.0,10938.384180000001,14089.3236,10326.7398,8692.46556,20021.7408,7946.3163
34,False,2,0,0,8322.0,5687.29836,13115.7816,10636.36008,5017.9545,0.0,6954.013559999999
34,False,2,1,1,10152.0,7078.41504,14378.1378,14877.3996,6186.48336,8449.640640000001,8874.5295
34,False,2,2,1,10152.0,8964.65958,14947.9284,15354.6396,6901.70874,17298.8916,9165.55848
34,False,2,3,1,12954.0,10945.16862,15252.9198,15831.8808,8694.94482,20021.7408,9464.25
34,False,2,4,1,12954.0,13394.2644,15318.812999999998,16309.1208,9589.76844,20021.7408,8141.722380000001
34,True,1,0,0,8888.716919999999,3475.66698,10401.3384,5668.53996,4401.8265,0.0,6404.65542
34,True,1,1,1,12494.748,5122.288140000001,11292.82068,9494.87988,6334.54176,10729.21032,8387.622780000002
34,True,1,2,1,12494.748,7505.007960000001,12423.6864,9944.41992,7234.52418,26226.9582,13076.8278
34,True,1,3,1,15732.6204,10012.012200000001,13316.476200000001,10393.95996,9379.61022,30995.4972,16973.844
34,True,1,4,1,15732.6204,12255.3798,13920.0468,10843.5,10188.8313,30995.4972,16207.0782
34,True,2,0,0,9897.2805,6372.0563999999995,12639.153,11337.0798,5902.44156,0.0,7772.02152
34,True,2,1,1,12494.748,7930.66512,13722.6024,15887.0196,7388.0658,10729.21032,10720.73034
34,True,2,2,1,12494.748,10044.01686,14609.2758,16336.5588,8150.3877,26226.9582,13410.258
34,True,2,3,1,15732.6204,12262.9812,15205.087800000001,16786.0992,10191.57276,30995.4972,16278.9846
34,True,2,4,1,15732.6204,15006.950400000002,15367.212599999999,17235.6384,11181.369900000002,30995.4972,15387.5394
35,False,1,0,0,6576.0,2853.15948,10778.889,4614.69,3431.59368,0.0,4673.02254
35,False,1,1,1,8808.0,4204.8636,11441.60964,6857.55024,4751.08572,6907.968059999999,4781.142540000001
35,False,1,2,1,8808.0,6160.82808,12275.6574,9100.4106,5455.10118,12170.562600000001,4729.29876
35,False,1,3,1,11760.0,8218.81644,13243.829399999999,11343.27096,7194.81258,13789.822199999999,5735.964840000001
35,False,1,4,1,11760.0,10060.38792,13516.4472,13586.1312,7846.90356,13789.822199999999,4889.25
35,False,2,0,0,7254.0,5230.79292,12783.864,9229.37988,4491.49218,0.0,5381.4747
35,False,2,1,1,8808.0,6510.24828,13491.831,11472.24024,5581.01916,6907.968059999999,6142.9746
35,False,2,2,1,8808.0,8245.08912,14554.5564,13715.1,6208.33998,12170.562600000001,6083.03904
35,False,2,3,1,11760.0,10066.62672,14805.6534,15957.9612,7849.0488000000005,13789.822199999999,6452.445180000001
35,False,2,4,1,11760.0,12319.1376,14861.2104,18200.8212,8645.4045,13789.822199999999,5617.16784
35,True,1,0,0,6817.17516,3050.28684,10231.134900000001,4453.34988,3586.75158,0.0,4582.75668
35,True,1,1,1,9995.423999999999,4495.38168,11005.47696,6859.17036,5223.955620000001,8466.49368,5377.41396
35,True,1,2,1,9995.423999999999,6586.48536,12285.0666,9264.99096,5961.03168,14550.0258,5760.0234
35,True,1,3,1,13055.824799999999,8786.66232,12928.2048,11670.81156,7927.723019999999,16421.883,7360.5897
35,True,1,4,1,13055.824799999999,10755.46872,13290.9972,14076.6324,8644.73874,16421.883,6886.2462
35,True,2,0,0,7947.17322,5592.19296,12389.817,8906.69976,4866.6106199999995,0.0,5486.0724
35,True,2,1,1,9995.423999999999,6960.04764,13575.2532,11312.52024,6096.15726,8466.49368,6869.21886
35,True,2,2,1,9995.423999999999,8814.74928,14256.4332,13718.3412,6769.63584,14550.0258,7079.3591400000005
35,True,2,3,1,13055.824799999999,10762.13892,14620.9644,16124.1624,8647.16856,16421.883,7650.63684
35,True,2,4,1,13055.824799999999,13170.2796,14842.5354,18529.9824,9524.18376,16421.883,7034.3789400000005
36,False,1,0,0,6732.0,3148.8504599999997,11663.37264,5518.79004,3581.3994000000002,0.0,5738.89656
36,False,1,1,1,8736.0,4640.64042,12351.4512,8244.48264,4885.66644,6078.813179999999,5658.0018
36,False,1,2,1,8736.0,6799.31358,13082.7372,10970.17524,5676.00972,13780.161,6690.3867
36,False,1,3,1,11598.0,9070.58424,13590.426599999999,13695.8688,7487.484420000001,16149.806400000001,8804.67186
36,False,1,4,1,11598.0,11103.00882,14273.005799999999,16421.5608,8223.824700000001,16149.806400000001,8871.59766
36,False,2,0,0,6852.0,5772.8928,13657.706999999999,11037.58008,4596.490739999999,0.0,6609.281279999999
36,False,2,1,1,8736.0,7184.9464800000005,14305.1292,13763.274,5812.97718,6078.813179999999,7518.220439999999
36,False,2,2,1,8736.0,9099.57936,14795.7732,16488.9648,6511.4202,13780.161,8411.32026
36,False,2,3,1,11598.0,11109.89502,15555.252,19214.6592,8226.34098,16149.806400000001,9648.75
36,False,2,4,1,11598.0,13595.8488,15553.1052,21940.35,9134.51952,16149.806400000001,9300.9492
36,True,1,0,0,6924.0,3247.41468,11296.42092,5293.47984,3666.70824,0.0,5672.20308
36,True,1,1,1,9725.57076,4785.89976,12092.1444,7994.94576,5258.07792,6772.58352,5961.78108
36,True,1,2,1,9725.57076,7012.14336,13072.1796,10696.41132,6033.99828,14612.9748,7275.6834
36,True,1,3,1,13068.0,9354.5076,13895.8416,13397.8788,7929.63504,17025.4032,9624.42192
36,True,1,4,1,13068.0,11450.54952,14233.128,16099.3428,8645.43756,17025.4032,9922.32792
36,True,2,0,0,7620.0,5953.59336,13343.4096,10586.95968,4794.1908,0.0,6560.94948
36,True,2,1,1,9725.57076,7409.84616,14189.3616,13288.4256,6169.815,6772.58352,7942.6992
36,True,2,2,1,9725.57076,9384.41088,15205.788,15989.892,6844.13232,14612.9748,8762.16432
36,True,2,3,1,13068.0,11457.65256,15460.212,18691.356,8647.86324,17025.4032,10088.15628
36,True,2,4,1,13068.0,14021.4216,15535.5708,21392.8224,9548.01192,17025.4032,9882.93756
37,False,1,0,0,7116.0,3423.7914,11916.8862,5529.2802,3834.01908,0.0,7184.51952
37,False,1,1,1,10752.0,5045.83632,12513.492,8302.29492,5737.22316,6737.92608,8728.75416
37,False,1,2,1,10752.0,7392.99312,13110.0948,11075.31,6587.69088,14775.9012,10916.8476
37,False,1,3,1,14628.0,9862.57908,13935.318,13848.3252,9115.344,17249.1228,15051.3984
37,False,1,4,1,14628.0,12072.4632,14385.1656,16621.3416,9931.46856,17249.1228,15632.508
37,False,2,0,0,8292.0,6276.95136,13808.9712,11058.56028,5387.23428,0.0,8952.82836
37,False,2,1,1,10752.0,7812.29664,14357.826,13831.5756,6739.62084,6737.92608,10959.69504
37,False,2,2,1,10752.0,9894.10548,15184.548,16604.5896,7493.94216,14775.9012,12569.6952
37,False,2,3,1,14628.0,12079.9512,15752.2284,19377.606,9934.36236,17249.1228,15350.8668
37,False,2,4,1,14628.0,14782.9656,15877.8204,22150.62,10952.42208,17249.1228,15718.188
37,True,1,0,0,10200.0,3517.16784,10798.47144,4424.37996,5034.17904,0.0,7994.78904
37,True,1,1,1,14412.0,5183.45028,11709.71928,6640.42752,7050.34128,9921.87816,10473.65628
37,True,1,2,1,14412.0,7594.62084,12550.392,8856.4746,7900.80912,18503.1444,13709.3676
37,True,1,3,1,20628.0,10131.55956,13615.3728,11072.52252,11047.93944,21143.5356,18845.3832
37,True,1,4,1,20628.0,12401.7144,14070.7392,13288.5708,11848.66704,21143.5356,19162.9764
37,True,2,0,0,11608.34988,6448.1418,13116.5424,8848.76004,6687.312,0.0,9988.70724
37,True,2,1,1,14412.0,8025.36108,13909.32,11064.80712,8052.73896,9921.87816,12670.9524
37,True,2,2,1,14412.0,10163.94648,15040.554,13280.8548,8807.06028,18503.1444,14292.312
37,True,2,3,1,20628.0,12409.4064,15437.0256,15496.9032,11851.3806,21143.5356,18660.4452
37,True,2,4,1,20628.0,15186.1392,15620.7252,17712.9492,12830.7888,21143.5356,19222.2816
38,False,1,0,0,6570.0,3086.5998,10955.51364,4406.18004,3507.59544,0.0,5168.3232
38,False,1,1,1,8688.0,4548.89832,11668.310280000002,6630.41532,4890.43578,6883.533299999999,5408.8904999999995
38,False,1,2,1,8688.0,6664.89624,12456.822,8854.65084,5689.5,14331.765,6033.0723
38,False,1,3,1,11502.0,8891.26464,13517.276399999999,11078.88576,7492.8984,16623.5298,7724.07024
38,False,1,4,1,11502.0,10883.50962,13828.1712,13303.122,8230.72524,16623.5298,7393.87098
38,False,2,0,0,7164.0,5658.76668,12941.433,8812.36008,4635.44022,0.0,6162.576059999999
38,False,2,1,1,8688.0,7042.90464,13694.6544,11036.59572,5826.1395,6883.533299999999,6955.0056
38,False,2,2,1,8688.0,8919.687,14835.6708,13260.8304,6503.88612,14331.765,7593.63282
38,False,2,3,1,11502.0,10890.26034,15106.767,15485.0652,8233.17114,16623.5298,8408.60958
38,False,2,4,1,11502.0,13327.068,15208.4892,17709.3012,9116.12292,16623.5298,7728.52332
38,True,1,0,0,8098.52412,3330.41496,10068.654,4732.53996,4139.47044,0.0,5447.48844
38,True,1,1,1,11160.0,4908.2226,11178.96096,7113.91116,5761.20708,9595.96212,6795.71856
38,True,1,2,1,11160.0,7191.36624,12297.504,9495.28128,6560.13132,18258.6084,8289.20292
38,True,1,3,1,14328.0,9593.59932,13085.4888,11876.65284,8591.77152,20924.0376,10624.90644
38,True,1,4,1,14328.0,11743.21512,13481.9064,14258.0244,9363.38232,20924.0376,10452.33624
38,True,2,0,0,8592.0,6105.7614,12464.6604,9465.0798,5378.17752,0.0,6709.8552
38,True,2,1,1,11160.0,7599.23508,13620.6996,11846.45064,6702.85404,9595.96212,8465.844
38,True,2,2,1,11160.0,9624.26664,14418.5664,14227.8228,7411.45824,18258.6084,9266.42208
38,True,2,3,1,14328.0,11750.499,14826.4188,16609.1928,9365.99712,20924.0376,10524.28932
38,True,2,4,1,14328.0,14379.7956,15466.524,18990.5628,10309.79004,20924.0376,10319.60964
39,True,1,0,0,11210.2398,3828.42156,9386.7642,3616.53996,5512.41912,0.0,6254.67552
39,True,1,1,1,14946.456,5642.16324,10817.3562,5443.40364,7543.17336,10657.71972,7900.79292
39,True,1,2,1,14946.456,8266.71168,11915.19216,7270.2678,8532.80784,18897.1476,9653.99196
39,True,1,3,1,18877.62,11028.15816,12769.518,9097.13232,11108.6352,21432.3576,13118.046
39,True,1,4,1,18877.62,13499.2104,13367.3712,10923.99612,12040.392,21432.3576,13094.1324
39,True,2,0,0,12287.0652,7018.77324,12265.8768,7233.0798,7098.64752,0.0,7333.82448
39,True,2,1,1,14946.456,8735.57004,13319.9496,9059.9436,8709.59988,10657.71972,9295.58568
39,True,2,2,1,14946.456,11063.41116,14144.2956,10886.8074,9587.3562,18897.1476,9892.83624
39,True,2,3,1,18877.62,13507.584,14720.5968,12713.6724,12043.5492,21432.3576,12043.9224
39,True,2,4,1,18877.62,16530.0456,15657.0912,14540.5356,13183.2252,21432.3576,12010.5624
40,False,1,0,0,6396.0,2889.4725,10841.23098,4744.79004,3452.56422,0.0,5061.383760000001
40,False,1,1,1,8148.0,4258.38012,11536.40922,7085.905559999999,4575.54972,4240.72962,3560.65434
40,False,1,2,1,8148.0,6239.23902,12268.5294,9427.0206,5284.65804,6943.155360000001,2990.26374
40,False,1,3,1,11058.0,8323.419119999999,12740.405999999999,11768.136480000001,7100.221079999999,7774.671420000001,3533.0409
40,False,1,4,1,11058.0,10188.42846,13024.7964,14109.251400000001,7752.936,7774.671420000001,2557.59186
40,False,2,0,0,6582.0,5297.36646,12716.5848,9489.58008,4387.50846,0.0,5264.88666
40,False,2,1,1,8148.0,6593.10612,13395.1254,11830.695240000001,5411.26686,4240.72962,5280.191339999999
40,False,2,2,1,8148.0,8350.026119999999,13788.092400000001,14171.8116,6048.4995,6943.155360000001,4191.14058
40,False,2,3,1,11058.0,10194.74784,14064.0252,16512.9264,7755.14796,7774.671420000001,4498.5897
40,False,2,4,1,11058.0,12475.927800000001,14066.9286,18854.0412,8553.51414,7774.671420000001,3530.72664
40,True,1,0,0,7527.73278,3096.9750599999998,10652.489160000001,4843.47984,3828.47496,0.0,5562.60936
40,True,1,1,1,9912.0,4564.18872,11525.3214,7321.35462,5182.46082,5889.80106,5238.78516
40,True,1,2,1,9912.0,6687.299220000001,12447.4254,9799.22898,5933.7072,9370.13742,4848.27336
40,True,1,3,1,12957.129,8921.15148,12953.3166,12277.1031,7795.2553800000005,10441.01112,6189.14874
40,True,1,4,1,12957.129,10920.09264,13432.930199999999,14754.9774,8486.83812,10441.01112,5607.281279999999
40,True,2,0,0,8082.0,5677.78788,12828.57,9686.95968,4962.512699999999,0.0,6121.47858
40,True,2,1,1,9912.0,7066.5783599999995,13707.3462,12164.834640000001,6067.9122,5889.80106,6800.6385
40,True,2,2,1,9912.0,8949.668699999998,14308.2084,14642.708999999999,6725.715120000001,9370.13742,6120.14466
40,True,2,3,1,12957.129,10926.865740000001,14747.019,17120.584199999998,8489.26794,10441.01112,6989.507820000001
40,True,2,4,1,12957.129,13371.8652,14943.0426,19598.4582,9366.28458,10441.01112,6227.574119999999
41,False,1,0,0,6036.0,3345.9779399999998,11755.00488,6498.69,3416.2641000000003,0.0,4712.76762
41,False,1,1,1,8628.0,4931.1585,12345.3936,9677.65284,4940.71932,5406.84102,4442.3067599999995
41,False,1,2,1,8628.0,7224.9708,13567.062,12856.6176,5784.5949,11287.06386,4633.81242
41,False,1,3,1,11586.0,9638.429759999999,14023.841400000001,16035.582,7717.15284,13096.3632,5878.85154
41,False,1,4,1,11586.0,11798.09034,14266.0062,19214.544,8495.202000000001,13096.3632,5787.597659999999
41,False,2,0,0,6642.0,6134.2932,13580.858400000001,12997.38,4670.33754,0.0,5761.150439999999
41,False,2,1,1,8628.0,7634.74512,14804.2332,16176.3432,5933.76324,5406.84102,6195.58224
41,False,2,2,1,8628.0,9669.24024,15250.9074,19355.3052,6678.69804,11287.06386,6092.851500000001
41,False,2,3,1,11586.0,11805.407220000001,15421.5258,22534.272,8497.787100000001,13096.3632,6638.60922
41,False,2,4,1,11586.0,14446.9896,15383.905200000001,25713.234,9441.622200000002,13096.3632,6157.00014
41,True,1,0,0,6999.338400000001,3205.9134,10799.384399999999,6385.34988,3722.20074,0.0,4727.10642
41,True,1,1,1,10398.0,4724.73744,11678.7561,9751.12356,5504.4956999999995,7046.60706,5137.976640000001
41,True,1,2,1,10398.0,6922.53,12912.3024,13116.8964,6301.59888,14577.7926,5920.74204
41,True,1,3,1,13698.687,9234.96024,13479.073199999999,16482.6708,8338.15062,16895.0802,7822.6209
41,True,1,4,1,13698.687,11304.21612,14102.3814,19848.4452,9080.644380000002,16895.0802,7799.3712
41,True,2,0,0,8049.6837,5877.50868,12931.14,12770.7,5091.16974,0.0,5830.3632
41,True,2,1,1,10398.0,7315.1514,14102.3478,16136.4732,6443.40012,7046.60706,6690.8279999999995
41,True,2,2,1,10398.0,9264.48048,14664.8508,19502.2476,7147.4337,14577.7926,6978.2970000000005
41,True,2,3,1,13698.687,11311.22748,15323.5254,22868.022,9083.1603,16895.0802,7913.39466
41,True,2,4,1,13698.687,13842.2328,15483.9216,26233.7928,9991.33812,16895.0802,7457.73048
42,False,1,0,0,6168.0,3216.28896,11273.8542,5014.79004,3389.01996,0.0,4273.36116
42,False,1,1,1,7956.0,4740.02784,11949.35376,7490.06028,4616.89272,5436.9972,3590.94144
42,False,1,2,1,7956.0,6944.9334,12682.0176,9965.33052,5423.54844,8930.16288,2915.14836
42,False,1,3,1,10752.0,9264.84744,13146.9228,12440.6016,7248.87372,10004.98464,3272.59752
42,False,1,4,1,10752.0,11340.79908,13517.0052,14915.8716,7988.66748,10004.98464,2381.07804
42,False,2,0,0,6300.0,5896.52964,13165.7268,10029.58008,4441.02396,0.0,4937.93736
42,False,2,1,1,7956.0,7338.82476,13852.6308,12504.8496,5567.65212,5436.9972,4939.74612
42,False,2,2,1,7956.0,9294.46368,14321.2164,14980.1208,6283.1148,8930.16288,4129.71492
42,False,2,3,1,10752.0,11347.83396,14687.1288,17455.392,7991.08452,10004.98464,4225.96872
42,False,2,4,1,10752.0,13887.0276,15243.0972,19930.6608,8880.45192,10004.98464,3433.58604
42,True,1,0,0,6822.84156,3283.7273999999998,10997.179680000001,4981.47984,3625.37022,0.0,4366.4220000000005
42,True,1,1,1,9414.10068,4839.41616,11856.58812,7527.9228,5181.44274,7459.5531,4297.2029999999995
42,True,1,2,1,9414.10068,7090.553459999999,12749.1438,10074.3648,6009.961859999999,11135.43822,3690.2440800000004
42,True,1,3,1,12315.294,9459.11028,13318.8288,12620.8068,7804.909799999999,12266.4792,4309.01568
42,True,1,4,1,12315.294,11578.59156,13772.1678,15167.25,8580.16044,12266.4792,3527.4100200000003
42,True,2,0,0,7598.94804,6020.1672,13067.4624,9962.95968,4970.08302,0.0,5154.24612
42,True,2,1,1,9414.10068,7492.70364,13945.1286,12509.4024,6155.44668,7459.5531,5621.238240000001
42,True,2,2,1,9414.10068,9489.348300000001,14542.2114,15055.8456,6864.2022,11135.43822,4957.79292
42,True,2,3,1,12315.294,11585.7726,14976.946800000002,17602.2864,8582.787240000001,12266.4792,5137.226640000001
42,True,2,4,1,12315.294,14178.2088,15218.7762,20148.7296,9509.04162,12266.4792,4275.222659999999
43,False,1,0,0,6600.0,2982.8487,11387.64768,5506.79004,3489.61452,0.0,4471.74222
43,False,1,1,1,9114.0,4395.99372,12060.0744,8226.5208,4909.264859999999,4845.564,3849.24024
43,False,1,2,1,9114.0,6440.86596,12857.6484,10946.25072,5659.20408,8407.53516,3191.6112599999997
43,False,1,3,1,12528.0,8592.39876,13493.49,13665.9816,7628.55102,9503.52648,3785.1621
43,False,1,4,1,12528.0,10517.676660000001,14081.654999999999,16385.712,8320.23816,9503.52648,2911.32816
43,False,2,0,0,7536.0,5468.55594,13355.2758,11013.58008,4692.08148,0.0,5308.04298
43,False,2,1,1,9114.0,6806.16828,14149.7916,13733.3112,5795.7029999999995,4845.564,5252.6973
43,False,2,2,1,9114.0,8619.864959999999,14692.1856,16453.0416,6464.83776,8407.53516,4522.949339999999
43,False,2,3,1,12528.0,10524.200280000001,15319.252199999999,19172.772,8322.61446,9503.52648,4795.828079999999
43,False,2,4,1,12528.0,12879.0996,15349.3458,21892.5012,9178.45866,9503.52648,3913.39068
43,True,1,0,0,8230.2792,2982.8487,11010.11826,5311.47984,4080.13308,0.0,4719.68058
43,True,1,1,1,11601.83754,4395.99372,11950.88454,8021.8897799999995,5797.0158599999995,6988.59924,4870.888559999999
43,True,1,2,1,11601.83754,6440.86596,12926.030999999999,10732.2993,6503.83338,11811.7764,4711.122960000001
43,True,1,3,1,15516.6102,8592.39876,13626.771,13442.7096,8683.16634,13295.829600000001,5976.70698
43,True,1,4,1,15516.6102,10517.676660000001,14039.8926,16153.118999999999,9373.762200000001,13295.829600000001,5610.7617
43,True,2,0,0,9474.63756,5468.55594,13243.881000000001,10622.95968,5404.490159999999,0.0,5656.18944
43,True,2,1,1,11601.83754,6806.16828,14235.913199999999,13333.369200000001,6630.9027,6988.59924,6340.136759999999
43,True,2,2,1,11601.83754,8619.864959999999,14933.0406,16043.7792,7257.575699999999,11811.7764,5887.09374
43,True,2,3,1,15516.6102,10524.200280000001,15344.883600000001,18754.1898,9376.16748,13295.829600000001,6406.68348
43,True,2,4,1,15516.6102,12879.0996,15482.118,21464.598599999998,10244.28036,13295.829600000001,5688.609420000001
44,False,1,0,0,6444.0,3216.28896,12528.1548,5157.2802,3433.31652,0.0,5958.75408
44,False,1,1,1,8808.0,4740.02784,13386.8964,7911.4746,4925.60592,6867.15012,6589.73436
44,False,1,2,1,8808.0,6944.9334,14737.728,10665.66948,5732.26176,15059.2824,8531.73048
44,False,1,3,1,12276.0,9264.84744,15318.4704,13419.8652,7698.44748,17579.9376,11311.57836
44,False,1,4,1,12276.0,11340.79908,15717.5928,16174.0608,8449.0188,17579.9376,11470.03128
44,False,2,0,0,7608.0,5896.52964,14628.6396,10314.56028,4916.02812,0.0,6826.55496
44,False,2,1,1,8808.0,7338.82476,15919.5336,13068.756,5876.36532,6867.15012,8328.64452
44,False,2,2,1,8808.0,9294.46368,16579.6284,15822.9492,6591.82764,15059.2824,9581.68728
44,False,2,3,1,12276.0,11347.83396,16920.7632,18577.146,8451.58452,17579.9376,11046.32808
44,False,2,4,1,12276.0,13887.0276,17007.3708,21331.3392,9377.57004,17579.9376,11057.8206
44,True,1,0,0,8646.0,3185.16354,10851.83424,4280.37996,4309.45314,0.0,6020.64372
44,True,1,1,1,11451.40098,4694.157,11928.2157,6559.76664,5836.321620000001,6799.388639999999,6538.58424
44,True,1,2,1,11451.40098,6877.724459999999,13198.5522,8839.15284,6621.07104,15438.3588,8297.39832
44,True,1,3,1,16230.6378,9175.18692,14018.9532,11118.5376,9178.4601,18096.5034,12046.69128
44,True,1,4,1,16230.6378,11231.05038,14886.1152,13397.9244,9917.31408,18096.5034,12046.53108
44,True,2,0,0,9300.0,5839.4667,13427.2254,8560.76004,5526.97812,0.0,6801.035159999999
44,True,2,1,1,11451.40098,7267.80432,14645.0112,10840.14624,6761.26134,6799.388639999999,8007.008040000001
44,True,2,2,1,11451.40098,9204.51708,15416.9952,13119.5328,7457.29464,15438.3588,9275.77332
44,True,2,3,1,16230.6378,11238.01578,16286.5644,15398.9184,9919.81752,18096.5034,11427.328140000001
44,True,2,4,1,16230.6378,13752.6384,16599.321600000003,17678.3052,10823.5437,18096.5034,11348.452860000001
45,False,1,0,0,5988.0,3133.28796,11320.74468,5302.79004,3298.18068,0.0,5550.25776
45,False,1,1,1,8700.00732,4617.705,12052.626,7921.15872,4832.05848,6827.41776,6306.08568
45,False,1,2,1,8700.00732,6765.70896,12797.8344,10539.5274,5601.52224,11198.13864,6314.92164
45,False,1,3,1,11503.33668,9025.75488,13385.2848,13157.898,7424.68356,12542.9748,8112.60936
45,False,1,4,1,11503.33668,11048.1336,14070.7044,15776.2644,8174.45652,12542.9748,7884.53904
45,False,2,0,0,7380.0,5744.36136,13279.5348,10605.58008,4734.79764,0.0,6821.37888
45,False,2,1,1,8700.00732,7149.43584,13959.8676,13223.9484,5742.40248,6827.41776,7831.0818
45,False,2,2,1,8700.00732,9054.60648,14541.4296,15842.3172,6441.86496,11198.13864,7729.73436
45,False,2,3,1,11503.33668,11054.98608,15308.0784,18460.6872,8176.99656,12542.9748,8711.77368
45,False,2,4,1,11503.33668,13528.6536,15356.4096,21079.0548,9094.08036,12542.9748,8196.5076
45,True,1,0,0,10473.8031,3351.16548,10796.05374,5209.47984,4957.95792,0.0,6858.823979999999
45,True,1,1,1,12571.4346,4938.80388,11905.20888,7869.2088,6265.7970000000005,9519.90234,8514.41382
45,True,1,2,1,12571.4346,7236.17208,12902.1126,10528.93728,7096.22718,15965.669399999999,9924.257819999999
45,True,1,3,1,17196.717,9653.373,13624.902,13188.666,9658.42932,17948.982,13508.82
45,True,1,4,1,17196.717,11816.38188,14261.2752,15848.3952,10447.02576,17948.982,13864.9926
45,True,2,0,0,10733.61402,6143.80368,13184.1894,10418.95968,6021.96696,0.0,8029.35534
45,True,2,1,1,12571.4346,7646.5818,14137.288199999999,13078.6884,7246.75968,9519.90234,10161.10146
45,True,2,2,1,12571.4346,9684.23076,14906.3802,15738.4176,7991.02512,15965.669399999999,10709.31264
45,True,2,3,1,17196.717,11823.70968,15503.2362,18398.148,10449.69726,17948.982,12955.5468
45,True,2,4,1,17196.717,14469.3876,15783.4212,21057.8748,11414.26644,17948.982,13195.4496
46,False,1,0,0,8580.0,3994.42344,11078.1672,6782.17968,4618.89252,0.0,6318.08208
46,False,1,1,1,11784.0,5886.80892,12027.5652,12738.9804,6129.32112,8319.92796,7724.7774
46,False,1,2,1,11784.0,8625.15888,13286.4552,13216.2204,6972.05712,13664.2176,7988.8674
46,False,1,3,1,15024.0,11506.34256,13897.0224,13693.4604,9179.82492,15308.6148,9594.00804
46,False,1,4,1,15024.0,14084.5416,14250.4236,14170.6992,10016.9502,15308.6148,8633.0076
46,False,2,0,0,9516.0,7323.10992,13285.2252,13564.3596,5866.6776,0.0,7741.1016
46,False,2,1,1,11784.0,9114.34788,14489.676,18814.1196,7122.60648,8319.92796,9646.60176
46,False,2,2,1,11784.0,11543.124,15065.5812,19291.3596,7870.07004,13664.2176,8996.781
46,False,2,3,1,15024.0,14093.2776,15394.71,19768.5996,10019.78688,15308.6148,9693.906
46,False,2,4,1,15024.0,17246.7948,15763.2528,20245.8396,11043.71556,15308.6148,8757.06228
46,True,1,0,0,10875.94404,3911.42244,11643.83352,6736.54032,5358.04572,0.0,7187.92608
46,True,1,1,1,16229.1816,5764.48644,12625.4652,12665.64,7969.17336,12231.8688,11773.66404
46,True,1,2,1,16229.1816,8445.93528,13585.3752,13115.1792,8940.76836,19609.4196,13537.0008
46,True,1,3,1,20186.7888,11267.25072,14849.9808,13564.7196,11397.03876,21879.4332,16870.1172
46,True,1,4,1,20186.7888,13791.876,15305.1492,14014.26,12311.8116,21879.4332,16245.1644
46,True,2,0,0,12610.512,7170.94116,13885.38,13473.0804,7167.6006,0.0,9071.76192
46,True,2,1,1,16229.1816,8924.95896,14793.5964,18695.1396,9114.33624,12231.8688,12615.0624
46,True,2,2,1,16229.1816,11303.26752,16092.1836,19144.6788,9976.09128,19609.4196,13689.726
46,True,2,3,1,20186.7888,13800.4308,16522.4976,19594.2192,12314.9112,21879.4332,15746.3748
46,True,2,4,1,20186.7888,16888.4196,16742.2656,20043.7584,13433.8092,21879.4332,15180.7188
47,False,1,0,0,7248.0,3460.1043,12062.0016,4533.2802,3925.0802999999996,0.0,4594.25592
47,False,1,1,1,10422.0,5099.3529,12801.843,6811.41282,5805.7059,7198.35972,4732.83396
47,False,1,2,1,10422.0,7471.404060000001,13945.974,9089.544419999998,6696.12012,12715.9788,4661.80464
47,False,1,3,1,14550.0,9967.18248,14813.3682,11367.6771,9100.98708,14413.7088,6212.73432
47,False,1,4,1,14550.0,12200.5044,15279.4002,13645.8096,9907.780920000001,14413.7088,5864.7460200000005
47,False,2,0,0,8226.0,6343.52454,14110.310399999998,9066.56028,5431.38738,0.0,5460.93168
47,False,2,1,1,10422.0,7895.155140000001,15279.2952,11344.6926,6855.18642,7198.35972,6117.67386
47,False,2,2,1,10422.0,9999.04356,16102.308,13622.8254,7644.93792,12715.9788,5841.0898799999995
47,False,2,3,1,14550.0,12208.072199999999,16498.4604,15900.9576,9910.51536,14413.7088,6515.85942
47,False,2,4,1,14550.0,14939.7552,16518.686999999998,18179.088600000003,10898.928960000001,14413.7088,5881.152239999999
47,True,1,0,0,8808.0,3434.16648,11050.10088,4172.37996,4466.12076,0.0,4957.6014
47,True,1,1,1,13236.0,5061.12708,12112.56,6263.21628,6580.67868,9838.57104,5935.25388
47,True,1,2,1,13236.0,7415.39724,13301.6376,8354.05224,7402.79736,16398.0396,6564.26592
47,True,1,3,1,18132.0,9892.46556,14053.6992,10444.8882,10024.4202,18416.3364,9270.78876
47,True,1,4,1,18132.0,12109.0464,14828.9208,12535.7256,10823.31516,18416.3364,9021.44532
47,True,2,0,0,10392.0,6295.97172,13525.4148,8344.76004,6023.99748,0.0,5887.11324
47,True,2,1,1,13236.0,7835.97144,14686.212,10435.59672,7549.66404,9838.57104,7351.82004
47,True,2,2,1,13236.0,9924.08784,15482.4516,12526.4328,8278.84056,16398.0396,7260.219
47,True,2,3,1,18132.0,12116.5572,16198.8396,14617.2684,10826.061,18416.3364,8669.54664
47,True,2,4,1,18132.0,14827.7628,16447.3092,16708.104,11817.34128,18416.3364,8119.57836
48,False,1,0,0,6180.0,3107.35014,11437.2096,5334.69,3386.32506,0.0,5200.08288
48,False,1,1,1,8808.0,4579.47918,12177.6132,7935.29736,4922.83572,8405.14194,6584.720579999999
48,False,1,2,1,8808.0,6709.70256,13501.423200000001,10535.904,5707.909019999999,15246.013200000001,7913.94324
48,False,1,3,1,11616.0,8951.03796,13973.3922,13136.5104,7510.90686,17350.896,10204.578000000001
48,False,1,4,1,11616.0,10956.676019999999,14243.2836,15737.118,8240.05518,17350.896,10412.84364
48,False,2,0,0,6852.0,5696.80884,13398.337800000001,10669.37988,4602.4347,0.0,5880.61338
48,False,2,1,1,8808.0,7090.25172,14708.3394,13269.9876,5850.63174,8405.14194,7781.2617
48,False,2,2,1,8808.0,8979.65076,15194.0328,15870.5952,6559.236,15246.013200000001,8582.37888
48,False,2,3,1,11616.0,10963.4718,15414.117,18471.2004,8242.525979999999,17350.896,9851.886480000001
48,False,2,4,1,11616.0,13416.662400000001,15496.1862,21071.808,9123.09444,17350.896,9848.68722
48,True,1,0,0,7436.26938,3169.60068,10189.04148,4999.34988,3788.9559,0.0,5314.098599999999
48,True,1,1,1,10533.89358,4671.2214,11246.47782,7676.46168,5528.01708,10690.07742,7382.15808
48,True,1,2,1,10533.89358,6844.119839999999,12449.1582,10353.57348,6303.74634,16948.2078,8757.94338
48,True,1,3,1,14129.7912,9130.35756,13138.690200000001,13030.684799999999,8336.87694,18873.7866,11807.53932
48,True,1,4,1,14129.7912,11176.1748,13605.8406,15707.796600000001,9111.1311,18873.7866,12014.42196
48,True,2,0,0,7996.18398,5810.93502,12649.878,9998.69976,4995.96042,0.0,5892.65628
48,True,2,1,1,10533.89358,7232.29392,13802.229599999999,12675.8112,6440.2233,10690.07742,8689.20918
48,True,2,2,1,10533.89358,9159.5442,14452.5162,15352.922999999999,7098.53982,16948.2078,9341.21484
48,True,2,3,1,14129.7912,11183.107199999999,14879.6616,18030.0354,9113.63856,18873.7866,10997.86344
48,True,2,4,1,14129.7912,13685.4426,15148.378799999999,20707.1472,10018.8501,18873.7866,11179.01184
49,False,1,0,0,6726.0,2951.7231,11276.12004,8206.79004,3533.25216,0.0,6236.77254
49,False,1,1,1,8112.0,4350.1227,12062.6232,12268.0704,4570.92186,5931.16092,6832.11144
49,False,1,2,1,8112.0,6373.65636,12827.605800000001,16329.3504,5329.1720399999995,11772.4563,8015.16798
49,False,1,3,1,10818.0,8502.738239999999,13361.6064,20390.6292,7035.491400000001,13569.7788,10627.09752
49,False,1,4,1,10818.0,10407.92724,13880.9766,24451.9092,7723.812,13569.7788,11291.69934
49,False,2,0,0,6936.0,5411.4924,13243.4286,16413.5796,4484.484,0.0,8315.17974
49,False,2,1,1,8112.0,6735.14724,13984.437,20474.8596,5463.607679999999,5931.16092,9554.8572
49,False,2,2,1,8112.0,8529.9192,14527.714199999999,24536.1396,6131.06784,11772.4563,10393.125
49,False,2,3,1,10818.0,10414.38246,15048.675,28597.4184,7726.1598,13569.7788,11886.11718
49,False,2,4,1,10818.0,12744.707999999999,15373.897799999999,32658.6996,8573.49642,13569.7788,12490.444800000001
49,True,1,0,0,6472.13964,2998.41132,10749.29292,7837.4802,3412.7574,0.0,5999.5236
49,True,1,1,1,8708.89008,4418.92968,11680.90428,11802.98364,4761.63204,7855.82004,7158.77712
49,True,1,2,1,8708.89008,6474.471,12458.07,15768.4872,5482.96656,15454.458,9006.30468
49,True,1,3,1,11468.07564,8637.2292,13364.7816,19733.9916,7252.45752,17792.4972,12057.8436
49,True,1,4,1,11468.07564,10572.55296,13685.3448,23699.4948,7946.42208,17792.4972,12792.1872
49,True,2,0,0,7102.17264,5497.08804,12884.6628,15674.9604,4553.85204,0.0,8043.28932
49,True,2,1,1,8708.89008,6841.67868,13669.0764,19640.4624,5624.76816,7855.82004,9745.66776
49,True,2,2,1,8708.89008,8664.84012,14672.4744,23605.9668,6284.12184,15454.458,11017.89036
49,True,2,3,1,11468.07564,10579.11036,15129.4236,27571.4712,7948.77324,17792.4972,13190.2104
49,True,2,4,1,11468.07564,12946.296,15187.1352,31536.9756,8795.47116,17792.4972,13561.1256
50,False,1,0,0,7296.0,3392.66604,11885.7708,7233.27984,3872.92524,0.0,5159.7264
50,False,1,1,1,9756.0,4999.96476,13220.5896,10852.9614,5356.62708,8271.83424,5756.0274
50,False,1,2,1,9756.0,7325.78388,14012.2476,14472.6432,6230.28876,20220.0396,7958.29692
50,False,1,3,1,12912.0,9772.91964,14671.2696,18092.3244,8361.405,23896.4112,11340.78876
50,False,1,4,1,12912.0,11962.71456,14965.824,21712.008,9128.16432,23896.4112,11562.531
50,False,2,0,0,7728.0,6219.88848,14544.8484,14466.5592,5136.483,0.0,6513.37128
50,False,2,1,1,9756.0,7741.27656,15310.434,18086.2416,6386.3628,8271.83424,7529.59356
50,False,2,2,1,9756.0,9804.15888,16000.686,21705.9228,7148.27712,20220.0396,8941.64868
50,False,2,3,1,12912.0,11970.13404,16289.8788,25325.604,9130.76148,23896.4112,11032.48464
50,False,2,4,1,12912.0,14648.5752,16749.3252,28945.2864,10068.61968,23896.4112,11240.2266
50,True,1,0,0,7710.0,3257.78982,10200.14502,6866.38032,3974.06268,0.0,4845.5127
50,True,1,1,1,10530.0,4801.19016,11556.8946,10295.783940000001,5555.09472,9569.58798,5661.35154
50,True,1,2,1,10530.0,7034.5459200000005,12536.1498,13725.189,6364.3275,20598.7806,7582.1565
50,True,1,3,1,15066.0,9384.39444,13262.367,17154.5922,8859.342059999999,23992.377,11109.98436
50,True,1,4,1,15066.0,11487.13326,13994.575799999999,20583.997199999998,9621.2472,23992.377,11379.441299999999
50,True,2,0,0,8598.0,5972.61456,13125.5154,13732.7604,5279.50836,0.0,6224.38878
50,True,2,1,1,10530.0,7433.51988,14058.5658,17162.1642,6508.89186,9569.58798,7477.35936
50,True,2,2,1,10530.0,9414.39294,14751.93,20591.568,7226.64006,20598.7806,8557.5549
50,True,2,3,1,15066.0,11494.25826,15501.1728,24020.972999999998,9623.82894,23992.377,10856.83194
50,True,2,4,1,15066.0,14066.2176,16054.938,27450.378,10555.75122,23992.377,10835.30496
